title,rating,year,actors,languages,duration,url
Animal Crackers,7.5,1930,"['Groucho Marx', ' Harpo Marx', ' Chico Marx', ' The Marx Brothers']",['English'],97,https://www.imdb.com/title/tt0020640/
Hell's Angels,7.3,1930,"['Ben Lyon', ' James Hall', ' Jean Harlow', ' John Darrow']","['English', 'German', 'French']",127,https://www.imdb.com/title/tt0020960/
Zemlya,7.3,1930,"['Stepan Shkurat', ' Semyon Svashenko', ' Yuliya Solntseva', ' Yelena Maksimova']","['None', 'Russian']",75,https://www.imdb.com/title/tt0021571/
L'âge d'or,7.3,1930,"['Gaston Modot', ' Lya Lys', ' Caridad de Laberdesque', ' Max Ernst']",['French'],60,https://www.imdb.com/title/tt0021577/
All Quiet on the Western Front,8.1,1930,"['Lew Ayres', ' Louis Wolheim', ' John Wray', ' Arnold Lucy']","['English', 'French', 'German', 'Latin']",152,https://www.imdb.com/title/tt0020629/
City Lights,8.5,1931,"['Charles Chaplin', ' Virginia Cherrill', ' Florence Lee', ' Harry Myers']","['None', 'English']",87,https://www.imdb.com/title/tt0021749/
The Public Enemy,7.6,1931,"['James Cagney', ' Jean Harlow', ' Edward Woods', ' Joan Blondell']",['English'],83,https://www.imdb.com/title/tt0022286/
Dr. Jekyll and Mr. Hyde,7.6,1931,"['Fredric March', ' Miriam Hopkins', ' Rose Hobart', ' Holmes Herbert']",['English'],98,https://www.imdb.com/title/tt0022835/
Dracula de vampier,7.5,1931,"['Bela Lugosi', ' Helen Chandler', ' David Manners', ' Dwight Frye']","['English', 'Hungarian', 'Latin']",75,https://www.imdb.com/title/tt0021814/
Monkey Business,7.5,1931,"['Groucho Marx', ' Harpo Marx', ' The Marx Brothers', ' Chico Marx']",['English'],77,https://www.imdb.com/title/tt0022158/
Scarface,7.8,1932,"['Paul Muni', ' Ann Dvorak', ' Karen Morley', ' Osgood Perkins']",['English'],93,https://www.imdb.com/title/tt0023427/
Trouble in Paradise (De firma Adam & Eva),8.0,1932,"['Miriam Hopkins', ' Kay Francis', ' Herbert Marshall', ' Charles Ruggles']","['English', 'Italian', 'French', 'Russian', 'Spanish', 'German']",83,https://www.imdb.com/title/tt0023622/
Otona no miru ehon - Umarete wa mita keredo,8.0,1932,"['Tatsuo Saitô', ' Tomio Aoki', ' Mitsuko Yoshikawa', ' Hideo Sugawara']","['None', 'Japanese']",100,https://www.imdb.com/title/tt0023634/
Ik ben een vluchteling,8.2,1932,"['Paul Muni', ' Glenda Farrell', ' Helen Vinson', ' Noel Francis']",['English'],92,https://www.imdb.com/title/tt0023042/
Island of Lost Souls,7.4,1932,"['Charles Laughton', ' Bela Lugosi', ' Richard Arlen', ' Leila Hyams']","['English', 'Cantonese']",70,https://www.imdb.com/title/tt0024188/
De onzichtbare man,7.7,1933,"['Claude Rains', ' Gloria Stuart', ' William Harrigan', ' Henry Travers']",['English'],71,https://www.imdb.com/title/tt0024184/
Das Testament des Dr. Mabuse,8.0,1933,"['Rudolf KleinRogge', ' Otto Wernicke', ' Thomy Bourdelle', ' Gustav Diessl']","['German', 'French']",122,https://www.imdb.com/title/tt0023563/
Liefde en-gros,7.5,1933,"['Fredric March', ' Gary Cooper', ' Miriam Hopkins', ' Edward Everett Horton']","['English', 'French']",91,https://www.imdb.com/title/tt0023940/
Gold Diggers of 1933,7.7,1933,"['Warren William', ' Joan Blondell', ' Aline MacMahon', ' Ruby Keeler']",['English'],97,https://www.imdb.com/title/tt0024069/
Baby Face,7.6,1933,"['Barbara Stanwyck', ' George Brent', ' Donald Cook', ' Alphonse Ethier']","['English', 'French']",71,https://www.imdb.com/title/tt0023775/
Twentieth Century,7.4,1934,"['John Barrymore', ' Carole Lombard', ' Walter Connolly', ' Roscoe Karns']","['English', 'German']",91,https://www.imdb.com/title/tt0025919/
Het gebeurde op 'n avond,8.1,1934,"['Clark Gable', ' Claudette Colbert', ' Walter Connolly', ' Roscoe Karns']",['English'],105,https://www.imdb.com/title/tt0025316/
The Thin Man,8.0,1934,"['William Powell', ' Myrna Loy', ' Maureen OSullivan', ' Nat Pendleton']",['English'],91,https://www.imdb.com/title/tt0025878/
The Gay Divorcee,7.5,1934,"['Fred Astaire', ' Ginger Rogers', ' Alice Brady', ' Edward Everett Horton']","['English', 'French', 'Italian']",107,https://www.imdb.com/title/tt0025164/
L'Atalante,7.8,1934,"['Dita Parlo', ' Jean Dasté', ' Gilles Margaritis', ' Louis Lefebvre']","['French', 'Russian']",89,https://www.imdb.com/title/tt0024844/
The Informer,7.4,1935,"['Victor McLaglen', ' Heather Angel', ' Preston Foster', ' Margot Grahame']",['English'],91,https://www.imdb.com/title/tt0026529/
Kapitein Blood,7.7,1935,"['Errol Flynn', ' Olivia de Havilland', ' Lionel Atwill', ' Basil Rathbone']","['English', 'French']",119,https://www.imdb.com/title/tt0026174/
Bride of Frankenstein,7.8,1935,"['Boris Karloff', ' Elsa Lanchester', ' Colin Clive', ' Valerie Hobson']",['English'],75,https://www.imdb.com/title/tt0026138/
Het complot der 39 stappen,7.6,1935,"['Robert Donat', ' Madeleine Carroll', ' Lucie Mannheim', ' Godfrey Tearle']",['English'],86,https://www.imdb.com/title/tt0026029/
A Night at the Opera,7.9,1935,"['Groucho Marx', ' Chico Marx', ' Harpo Marx', ' Kitty Carlisle']","['English', 'Italian']",96,https://www.imdb.com/title/tt0026778/
Dodsworth,7.8,1936,"['Walter Huston', ' Ruth Chatterton', ' Paul Lukas', ' Mary Astor']","['English', 'French', 'German', 'Italian']",101,https://www.imdb.com/title/tt0027532/
Vlammende harten,7.6,1936,"['Leslie Howard', ' Humphrey Bogart', ' Bette Davis', ' Genevieve Tobin']",['English'],82,https://www.imdb.com/title/tt0028096/
De danskoning,7.6,1936,"['Fred Astaire', ' Ginger Rogers', ' Victor Moore', ' Helen Broderick']","['English', 'French']",103,https://www.imdb.com/title/tt0028333/
Mr. Deeds Goes to Town,7.9,1936,"['Gary Cooper', ' Jean Arthur', ' George Bancroft', ' Lionel Stander']",['English'],115,https://www.imdb.com/title/tt0027996/
Fury,7.9,1936,"['Sylvia Sidney', ' Spencer Tracy', ' Walter Abel', ' Bruce Cabot']",['English'],92,https://www.imdb.com/title/tt0027652/
Stage Door,7.8,1937,"['Katharine Hepburn', ' Ginger Rogers', ' Adolphe Menjou', ' Gail Patrick']",['English'],92,https://www.imdb.com/title/tt0029604/
Lost Horizon,7.7,1937,"['Ronald Colman', ' Jane Wyatt', ' Edward Everett Horton', ' John Howard']","['English', 'Mandarin']",132,https://www.imdb.com/title/tt0029162/
Dead End,7.3,1937,"['Sylvia Sidney', ' Joel McCrea', ' Humphrey Bogart', ' Wendy Barrie']",['English'],93,https://www.imdb.com/title/tt0028773/
De stormduivels,8.0,1937,"['Spencer Tracy', ' Freddie Bartholomew', ' Lionel Barrymore', ' Melvyn Douglas']","['English', 'Portuguese']",117,https://www.imdb.com/title/tt0028691/
Die verduivelde waarheid,7.7,1937,"['Irene Dunne', ' Cary Grant', ' Ralph Bellamy', ' Alexander DArcy']","['English', 'French', 'Italian']",90,https://www.imdb.com/title/tt0028597/
The Adventures of Robin Hood,7.9,1938,"['Errol Flynn', ' Olivia de Havilland', ' Basil Rathbone', ' Claude Rains']",['English'],102,https://www.imdb.com/title/tt0029843/
Het dierlijke in de mens,7.6,1938,"['Jean Gabin', ' Julien Carette', ' Simone Simon', ' Fernand Ledoux']",['French'],100,https://www.imdb.com/title/tt0029957/
Engelen met smerige gezichten,7.9,1938,"['James Cagney', ' Pat OBrien', ' Humphrey Bogart', ' Ann Sheridan']",['English'],97,https://www.imdb.com/title/tt0029870/
Bringing Up Baby,7.9,1938,"['Katharine Hepburn', ' Cary Grant', ' Charles Ruggles', ' Walter Catlett']",['English'],102,https://www.imdb.com/title/tt0029947/
You Can't Take It with You,7.9,1938,"['Jean Arthur', ' James Stewart', ' Lionel Barrymore', ' Edward Arnold']","['English', 'Russian']",126,https://www.imdb.com/title/tt0030993/
De hond van de Baskervilles,7.5,1939,"['Basil Rathbone', ' Nigel Bruce', ' Richard Greene', ' Wendy Barrie']",['English'],80,https://www.imdb.com/title/tt0031448/
Gunga Din,7.3,1939,"['Cary Grant', ' Joan Fontaine', ' Victor McLaglen', ' Douglas Fairbanks Jr']",['English'],117,https://www.imdb.com/title/tt0031398/
Stagecoach,7.9,1939,"['John Wayne', ' Claire Trevor', ' Andy Devine', ' John Carradine']","['English', 'Spanish', 'French']",96,https://www.imdb.com/title/tt0031971/
Schaduwen uit het verleden,7.9,1939,"['James Cagney', ' Humphrey Bogart', ' Priscilla Lane', ' Gladys George']",['English'],106,https://www.imdb.com/title/tt0031867/
Of Mice and Men,7.9,1939,"['Lon Chaney Jr', ' Burgess Meredith', ' Betty Field', ' Charles Bickford']",['English'],106,https://www.imdb.com/title/tt0031742/
Waterloo Bridge,7.8,1940,"['Vivien Leigh', ' Robert Taylor', ' Lucile Watson', ' Virginia Field']","['English', 'French']",108,https://www.imdb.com/title/tt0033238/
De bronzen godin,7.9,1940,"['Cary Grant', ' Katharine Hepburn', ' James Stewart', ' Ruth Hussey']","['English', 'French']",112,https://www.imdb.com/title/tt0032904/
Zeehavik,7.7,1940,"['Errol Flynn', ' Brenda Marshall', ' Claude Rains', ' Donald Crisp']",['English'],127,https://www.imdb.com/title/tt0033028/
Fantasia,7.7,1940,"['Leopold Stokowski', ' Deems Taylor', ' The Philadelphia Orchestra', ' Corey Burton']",['English'],125,https://www.imdb.com/title/tt0032455/
Tweestrijd der gevoelens,7.4,1940,"['Greer Garson', ' Laurence Olivier', ' Mary Boland', ' Edna May Oliver']",['English'],118,https://www.imdb.com/title/tt0032943/
Here Comes Mr. Jordan,7.6,1941,"['Robert Montgomery', ' Claude Rains', ' Evelyn Keyes', ' Rita Johnson']",['English'],94,https://www.imdb.com/title/tt0033712/
Argwaan,7.4,1941,"['Cary Grant', ' Joan Fontaine', ' Cedric Hardwicke', ' Nigel Bruce']",['English'],99,https://www.imdb.com/title/tt0034248/
"John Doe, de man die het meende",7.6,1941,"['Gary Cooper', ' Barbara Stanwyck', ' Edward Arnold', ' Walter Brennan']",['English'],135,https://www.imdb.com/title/tt0033891/
How Green Was My Valley,7.7,1941,"['Walter Pidgeon', ' Maureen OHara', ' Anna Lee', ' Donald Crisp']","['English', 'Welsh']",118,https://www.imdb.com/title/tt0033729/
Acht professoren en een meisje,7.8,1941,"['Gary Cooper', ' Barbara Stanwyck', ' Oskar Homolka', ' Henry Travers']",['English'],111,https://www.imdb.com/title/tt0033373/
Spionnage in het spel,8.2,1942,"['Carole Lombard', ' Jack Benny', ' Robert Stack', ' Felix Bressart']","['English', 'German']",99,https://www.imdb.com/title/tt0035446/
Gevangenen van 't verleden,8.0,1942,"['Ronald Colman', ' Greer Garson', ' Philip Dorn', ' Susan Peters']",['English'],126,https://www.imdb.com/title/tt0035238/
"Now, Voyager",7.9,1942,"['Bette Davis', ' Paul Henreid', ' Claude Rains', ' Gladys Cooper']","['English', 'Portuguese']",117,https://www.imdb.com/title/tt0035140/
Het gesprek van de stad,7.5,1942,"['Cary Grant', ' Jean Arthur', ' Ronald Colman', ' Edgar Buchanan']",['English'],118,https://www.imdb.com/title/tt0035417/
The Palm Beach Story,7.5,1942,"['Claudette Colbert', ' Joel McCrea', ' Mary Astor', ' Rudy Vallee']",['English'],88,https://www.imdb.com/title/tt0035169/
Shadow of a Doubt,7.8,1943,"['Teresa Wright', ' Joseph Cotten', ' Macdonald Carey', ' Henry Travers']",['English'],108,https://www.imdb.com/title/tt0036342/
Arsenicum en oude kant,8.0,1943,"['Cary Grant', ' Priscilla Lane', ' Raymond Massey', ' Jack Carson']","['English', 'German']",118,https://www.imdb.com/title/tt0036613/
The Miracle of Morgan's Creek,7.6,1943,"['Eddie Bracken', ' Betty Hutton', ' Diana Lynn', ' William Demarest']",['English'],98,https://www.imdb.com/title/tt0037077/
Jane Eyre,7.5,1943,"['Orson Welles', ' Joan Fontaine', ' Margaret OBrien', ' Peggy Ann Garner']",['English'],97,https://www.imdb.com/title/tt0036969/
Hoe meer hoe liever,7.7,1943,"['Jean Arthur', ' Joel McCrea', ' Charles Coburn', ' Richard Gaines']",['English'],104,https://www.imdb.com/title/tt0036172/
Moord onder vier ogen,7.6,1944,"['Dick Powell', ' Claire Trevor', ' Anne Shirley', ' Otto Kruger']",['English'],95,https://www.imdb.com/title/tt0037101/
The Thin Man Goes Home,7.4,1944,"['William Powell', ' Myrna Loy', ' Lucile Watson', ' Gloria DeHaven']",['English'],100,https://www.imdb.com/title/tt0037365/
Gaslight,7.8,1944,"['Charles Boyer', ' Ingrid Bergman', ' Joseph Cotten', ' May Whitty']","['English', 'Italian']",114,https://www.imdb.com/title/tt0036855/
Avontuur op Martinique,7.8,1944,"['Humphrey Bogart', ' Lauren Bacall', ' Walter Brennan', ' Dolores Moran']","['English', 'French']",100,https://www.imdb.com/title/tt0037382/
Ivan Groznyy,7.8,1944,"['Nikolay Cherkasov', ' Lyudmila Tselikovskaya', ' Serafima Birman', ' Mikhail Nazvanov']",['Russian'],103,https://www.imdb.com/title/tt0037824/
Christmas in Connecticut,7.4,1945,"['Barbara Stanwyck', ' Dennis Morgan', ' Sydney Greenstreet', ' Reginald Gardiner']","['English', 'German']",101,https://www.imdb.com/title/tt0037595/
Roma città aperta,8.1,1945,"['Anna Magnani', ' Aldo Fabrizi', ' Marcello Pagliero', ' Vito Annichiarico']","['Italian', 'German', 'Latin']",103,https://www.imdb.com/title/tt0038890/
Dead of Night,7.6,1945,"['Mervyn Johns', ' Michael Redgrave', ' Roland Culver', ' Mary Merrall']","['English', 'French']",103,https://www.imdb.com/title/tt0037635/
Leave Her to Heaven,7.6,1945,"['Gene Tierney', ' Cornel Wilde', ' Jeanne Crain', ' Vincent Price']",['English'],110,https://www.imdb.com/title/tt0037865/
And Then There Were None,7.5,1945,"['Barry Fitzgerald', ' Walter Huston', ' Louis Hayward', ' Roland Young']",['English'],97,https://www.imdb.com/title/tt0037515/
La belle et la bête,7.9,1946,"['Jean Marais', ' Josette Day', ' Mila Parély', ' Nane Germon']",['French'],96,https://www.imdb.com/title/tt0038348/
Notorious,8.0,1946,"['Cary Grant', ' Ingrid Bergman', ' Claude Rains', ' Louis Calhern']","['English', 'French', 'Portuguese']",102,https://www.imdb.com/title/tt0038787/
De schoenpoetsertjes,8.0,1946,"['Rinaldo Smordoni', ' Franco Interlenghi', ' Annielo Mele', ' Bruno Ortensi']","['Italian', 'English']",87,https://www.imdb.com/title/tt0038913/
The Strange Love of Martha Ivers,7.4,1946,"['Barbara Stanwyck', ' Van Heflin', ' Lizabeth Scott', ' Kirk Douglas']",['English'],116,https://www.imdb.com/title/tt0038988/
Paisà,7.7,1946,"['Carmela Sazio', ' Gar Moore', ' William Tubbs', ' Robert Van Loon']","['Italian', 'English', 'German', 'Sicilian', 'Latin']",126,https://www.imdb.com/title/tt0038823/
The Lady from Shanghai,7.6,1947,"['Rita Hayworth', ' Orson Welles', ' Everett Sloane', ' Glenn Anders']","['English', 'Cantonese']",87,https://www.imdb.com/title/tt0040525/
The Bishop's Wife,7.6,1947,"['Cary Grant', ' Loretta Young', ' David Niven', ' Monty Woolley']","['English', 'French']",109,https://www.imdb.com/title/tt0039190/
Wet zonder recht,7.6,1947,"['Burt Lancaster', ' Hume Cronyn', ' Charles Bickford', ' Yvonne De Carlo']",['English'],98,https://www.imdb.com/title/tt0039224/
De straat der verloren zielen,7.8,1947,"['Tyrone Power', ' Joan Blondell', ' Coleen Gray', ' Helen Walker']",['English'],110,https://www.imdb.com/title/tt0039661/
Miracle on 34th Street,7.9,1947,"['Edmund Gwenn', ' Maureen OHara', ' John Payne', ' Gene Lockhart']","['English', 'Dutch']",96,https://www.imdb.com/title/tt0039628/
The Red Shoes,8.1,1948,"['Anton Walbrook', ' Marius Goring', ' Moira Shearer', ' Robert Helpmann']","['English', 'French', 'Russian']",135,https://www.imdb.com/title/tt0040725/
I Remember Mama,7.9,1948,"['Irene Dunne', ' Barbara Bel Geddes', ' Oskar Homolka', ' Philip Dorn']","['English', 'Norwegian', 'Latin', 'French']",134,https://www.imdb.com/title/tt0040458/
Ladri di biciclette,8.3,1948,"['Lamberto Maggiorani', ' Enzo Staiola', ' Lianella Carell', ' Elena Altieri']","['Italian', 'English', 'German']",89,https://www.imdb.com/title/tt0040522/
The Treasure of the Sierra Madre,8.2,1948,"['Humphrey Bogart', ' Walter Huston', ' Tim Holt', ' Bruce Bennett']","['English', 'Spanish']",126,https://www.imdb.com/title/tt0040897/
Rope,8.0,1948,"['James Stewart', ' John Dall', ' Farley Granger', ' Dick Hogan']",['English'],80,https://www.imdb.com/title/tt0040746/
Little Women,7.3,1949,"['June Allyson', ' Peter Lawford', ' Margaret OBrien', ' Elizabeth Taylor']","['English', 'German']",122,https://www.imdb.com/title/tt0041594/
De heldhaftige stormloop,7.3,1949,"['John Wayne', ' Joanne Dru', ' John Agar', ' Ben Johnson']",['English'],104,https://www.imdb.com/title/tt0041866/
Kind Hearts and Coronets,8.0,1949,"['Dennis Price', ' Alec Guinness', ' Valerie Hobson', ' Joan Greenwood']",['English'],106,https://www.imdb.com/title/tt0041546/
Het is feest vandaag,7.3,1949,"['Jacques Tati', ' Guy Decomble', ' Paul Frankeur', ' Santa Relli']",['French'],70,https://www.imdb.com/title/tt0040497/
Adam's Rib,7.5,1949,"['Spencer Tracy', ' Katharine Hepburn', ' Judy Holliday', ' Tom Ewell']",['English'],101,https://www.imdb.com/title/tt0041090/
Geschonden glorie,7.7,1950,"['Gregory Peck', ' Helen Westcott', ' Millard Mitchell', ' Jean Parker']",['English'],85,https://www.imdb.com/title/tt0042531/
Paniek op straat,7.3,1950,"['Richard Widmark', ' Paul Douglas', ' Barbara Bel Geddes', ' Jack Palance']","['English', 'Mandarin', 'Greek']",96,https://www.imdb.com/title/tt0042832/
Born Yesterday,7.6,1950,"['Judy Holliday', ' William Holden', ' Broderick Crawford', ' Howard St John']",['English'],103,https://www.imdb.com/title/tt0042276/
Winchester '73,7.6,1950,"['James Stewart', ' Shelley Winters', ' Dan Duryea', ' Stephen McNally']",['English'],92,https://www.imdb.com/title/tt0043137/
Gun Crazy,7.6,1950,"['John Dall', ' Peggy Cummins', ' Berry Kroeger', ' Morris Carnovsky']",['English'],87,https://www.imdb.com/title/tt0042530/
Toen stond de aarde stil,7.7,1951,"['Michael Rennie', ' Patricia Neal', ' Hugh Marlowe', ' Sam Jaffe']","['English', 'French', 'Hindi', 'Russian']",92,https://www.imdb.com/title/tt0043456/
Sommarlek,7.5,1951,"['MajBritt Nilsson', ' Birger Malmsten', ' Alf Kjellin', ' Annalisa Ericson']",['Swedish'],96,https://www.imdb.com/title/tt0044060/
The River,7.5,1951,"['Patricia Walters', ' Nora Swinburne', ' Esmond Knight', ' Arthur Shields']","['English', 'Bengali']",99,https://www.imdb.com/title/tt0043972/
The African Queen,7.8,1951,"['Humphrey Bogart', ' Katharine Hepburn', ' Robert Morley', ' Peter Bull']","['English', 'German', 'Swahili']",105,https://www.imdb.com/title/tt0043265/
People Will Talk,7.4,1951,"['Cary Grant', ' Jeanne Crain', ' Finlay Currie', ' Hume Cronyn']",['English'],110,https://www.imdb.com/title/tt0043915/
Singin' in the Rain,8.3,1952,"['Gene Kelly', ' Donald OConnor', ' Debbie Reynolds', ' Jean Hagen']",['English'],103,https://www.imdb.com/title/tt0045152/
In de greep van de angst,7.5,1952,"['Joan Crawford', ' Jack Palance', ' Gloria Grahame', ' Bruce Bennett']",['English'],110,https://www.imdb.com/title/tt0045205/
Klokslag 12,8.0,1952,"['Gary Cooper', ' Grace Kelly', ' Thomas Mitchell', ' Lloyd Bridges']","['English', 'Spanish']",85,https://www.imdb.com/title/tt0044706/
De laatste grens,7.3,1952,"['James Stewart', ' Rock Hudson', ' Arthur Kennedy', ' Julie Adams']",['English'],91,https://www.imdb.com/title/tt0044413/
The Crimson Pirate,7.3,1952,"['Burt Lancaster', ' Nick Cravat', ' Eva Bartok', ' Torin Thatcher']",['English'],105,https://www.imdb.com/title/tt0044517/
Tôkyô monogatari,8.2,1953,"['Chishû Ryû', ' Chieko Higashiyama', ' Sô Yamamura', ' Setsuko Hara']","['Japanese', 'English']",136,https://www.imdb.com/title/tt0046438/
The Band Wagon,7.5,1953,"['Fred Astaire', ' Cyd Charisse', ' Oscar Levant', ' Nanette Fabray']","['English', 'French', 'German']",112,https://www.imdb.com/title/tt0045537/
Ik beken,7.3,1953,"['Montgomery Clift', ' Anne Baxter', ' Karl Malden', ' Brian Aherne']","['English', 'French', 'Italian', 'German']",95,https://www.imdb.com/title/tt0045897/
I vitelloni,7.9,1953,"['Alberto Sordi', ' Franco Fabrizi', ' Franco Interlenghi', ' Leopoldo Trieste']",['Italian'],109,https://www.imdb.com/title/tt0046521/
Tot het bittere einde,7.9,1953,"['Glenn Ford', ' Gloria Grahame', ' Jocelyn Brando', ' Alexander Scourby']",['English'],89,https://www.imdb.com/title/tt0045555/
Muiterij op de Caine,7.7,1954,"['Humphrey Bogart', ' José Ferrer', ' Van Johnson', ' Fred MacMurray']",['English'],124,https://www.imdb.com/title/tt0046816/
De onderwereld van Montmartre,7.8,1954,"['Jean Gabin', ' René Dary', ' Dora Doll', ' Vittorio Sanipoli']",['French'],94,https://www.imdb.com/title/tt0046451/
On the Waterfront,8.1,1954,"['Marlon Brando', ' Karl Malden', ' Lee J Cobb', ' Rod Steiger']",['English'],108,https://www.imdb.com/title/tt0047296/
Seven Brides for Seven Brothers,7.4,1954,"['Jane Powell', ' Howard Keel', ' Jeff Richards', ' Russ Tamblyn']",['English'],102,https://www.imdb.com/title/tt0047472/
La Strada,8.0,1954,"['Anthony Quinn', ' Giulietta Masina', ' Richard Basehart', ' Aldo Silvani']",['Italian'],108,https://www.imdb.com/title/tt0047528/
Het duivelscomplot,7.4,1955,"['Cornel Wilde', ' Richard Conte', ' Jean Wallace', ' Brian Donlevy']","['English', 'Swedish', 'Latin', 'German']",87,https://www.imdb.com/title/tt0047878/
Blackboard Jungle,7.4,1955,"['Glenn Ford', ' Anne Francis', ' Louis Calhern', ' Margaret Hayes']",['English'],101,https://www.imdb.com/title/tt0047885/
The Dam Busters,7.4,1955,"['Richard Todd', ' Michael Redgrave', ' Ursula Jeans', ' Basil Sydney']",['English'],124,https://www.imdb.com/title/tt0046889/
Tuntematon sotilas,8.0,1955,"['Kosti Klemelä', ' Heikki Savolainen', ' Reino Tolvanen', ' Veikko Sinisalo']",['Finnish'],177,https://www.imdb.com/title/tt0048752/
Pather Panchali,8.5,1955,"['Kanu Bannerjee', ' Karuna Bannerjee', ' Subir Banerjee', ' Chunibala Devi']",['Bengali'],125,https://www.imdb.com/title/tt0048473/
Biruma no tategoto,8.1,1956,"['Rentarô Mikuni', ' Shôji Yasui', ' Tatsuya Mihashi', ' Jun Hamamura']","['Japanese', 'English', 'Burmese']",116,https://www.imdb.com/title/tt0049012/
Moby Dick,7.3,1956,"['Gregory Peck', ' Richard Basehart', ' Leo Genn', ' James Robertson Justice']",['English'],116,https://www.imdb.com/title/tt0049513/
Val aan,7.4,1956,"['Jack Palance', ' Lee Marvin', ' Eddie Albert', ' Robert Strauss']","['English', 'German', 'French']",107,https://www.imdb.com/title/tt0048966/
The Wrong Man,7.4,1956,"['Henry Fonda', ' Vera Miles', ' Anthony Quayle', ' Harold J Stone']","['English', 'Italian', 'Spanish']",105,https://www.imdb.com/title/tt0051207/
The Man Who Knew Too Much,7.4,1956,"['James Stewart', ' Doris Day', ' Brenda de Banzie', ' Bernard Miles']","['English', 'Arabic', 'French']",120,https://www.imdb.com/title/tt0049470/
Zij hielden van het leven,7.9,1957,"['Teresa Izewska', ' Tadeusz Janczar', ' Wienczyslaw Glinski', ' Tadeusz Gwiazdowski']","['Polish', 'German']",91,https://www.imdb.com/title/tt0050585/
Le notti bianche,7.8,1957,"['Maria Schell', ' Marcello Mastroianni', ' Jean Marais', ' Marcella Rovena']",['Italian'],102,https://www.imdb.com/title/tt0050782/
A Face in the Crowd,8.2,1957,"['Andy Griffith', ' Patricia Neal', ' Anthony Franciosa', ' Walter Matthau']",['English'],126,https://www.imdb.com/title/tt0050371/
Pyaasa,8.5,1957,"['Guru Dutt', ' Waheeda Rehman', ' Mala Sinha', ' Rehman']",['Hindi'],146,https://www.imdb.com/title/tt0050870/
Witness for the Prosecution,8.4,1957,"['Tyrone Power', ' Marlene Dietrich', ' Charles Laughton', ' Elsa Lanchester']","['English', 'German']",116,https://www.imdb.com/title/tt0051201/
Ansiktet,7.7,1958,"['Max von Sydow', ' Ingrid Thulin', ' Gunnar Björnstrand', ' Naima Wifstrand']",['Swedish'],101,https://www.imdb.com/title/tt0051365/
Mon oncle,7.8,1958,"['Jacques Tati', ' JeanPierre Zola', ' Adrienne Servantie', ' Lucien Frégis']",['French'],116,https://www.imdb.com/title/tt0050706/
Kakushi-toride no san-akunin,8.1,1958,"['Toshirô Mifune', ' Misa Uehara', ' Minoru Chiaki', ' Kamatari Fujiwara']",['Japanese'],139,https://www.imdb.com/title/tt0051808/
Ice Cold in Alex,7.8,1958,"['John Mills', ' Anthony Quayle', ' Sylvia Syms', ' Harry Andrews']","['English', 'German']",130,https://www.imdb.com/title/tt0053935/
Ivan Groznyy. Skaz vtoroy: Boyarskiy zagovor,7.9,1958,"['Nikolay Cherkasov', ' Serafima Birman', ' Pavel Kadochnikov', ' Mikhail Zharov']",['Russian'],88,https://www.imdb.com/title/tt0051790/
Some Like It Hot,8.2,1959,"['Marilyn Monroe', ' Tony Curtis', ' Jack Lemmon', ' George Raft']",['English'],121,https://www.imdb.com/title/tt0053291/
Les quatre cents coups,8.1,1959,"['JeanPierre Léaud', ' Albert Rémy', ' Claire Maurier', ' Guy Decomble']","['French', 'English']",99,https://www.imdb.com/title/tt0053198/
Apur Sansar,8.5,1959,"['Soumitra Chatterjee', ' Sharmila Tagore', ' Alok Chakravarty', ' Swapan Mukherjee']",['Bengali'],105,https://www.imdb.com/title/tt0052572/
Ningen no jôken,8.5,1959,"['Tatsuya Nakadai', ' Michiyo Aratama', ' Kokinji Katsura', ' Jun Tatara']","['Japanese', 'Mandarin', 'Russian']",181,https://www.imdb.com/title/tt0053115/
Ningen no jôken,8.6,1959,"['Tatsuya Nakadai', ' Michiyo Aratama', ' Chikage Awashima', ' Ineko Arima']","['Japanese', 'Mandarin']",208,https://www.imdb.com/title/tt0053114/
Inherit the Wind,8.1,1960,"['Spencer Tracy', ' Fredric March', ' Gene Kelly', ' Dick York']",['English'],128,https://www.imdb.com/title/tt0053946/
L'avventura,7.9,1960,"['Gabriele Ferzetti', ' Monica Vitti', ' Lea Massari', ' Dominique Blanchar']","['Italian', 'English', 'Greek']",144,https://www.imdb.com/title/tt0053619/
Spartacus,7.9,1960,"['Kirk Douglas', ' Laurence Olivier', ' Jean Simmons', ' Charles Laughton']",['English'],197,https://www.imdb.com/title/tt0054331/
Hadaka no shima,8.1,1960,"['Nobuko Otowa', ' Taiji Tonoyama', ' Shinji Tanaka', ' Masanori Horimoto']",['None'],96,https://www.imdb.com/title/tt0056049/
Plein soleil,7.8,1960,"['Alain Delon', ' Maurice Ronet', ' Marie Laforêt', ' Erno Crisa']","['French', 'Italian', 'English']",118,https://www.imdb.com/title/tt0054189/
Victim,7.7,1961,"['Dirk Bogarde', ' Sylvia Syms', ' Dennis Price', ' Anthony Nicholls']",['English'],90,https://www.imdb.com/title/tt0055597/
Accattone,7.7,1961,"['Franco Citti', ' Franca Pasut', ' Silvana Corsini', ' Paola Guidi']",['Italian'],117,https://www.imdb.com/title/tt0054599/
The Hustler,8.0,1961,"['Paul Newman', ' Jackie Gleason', ' Piper Laurie', ' George C Scott']",['English'],134,https://www.imdb.com/title/tt0054997/
Il posto,8.0,1961,"['Sandro Panseri', ' Loredana Detto', ' Corrado Aprile', ' Guido Chiti']",['Italian'],93,https://www.imdb.com/title/tt0055320/
Splendor in the Grass,7.8,1961,"['Natalie Wood', ' Warren Beatty', ' Pat Hingle', ' Audrey Christie']",['English'],124,https://www.imdb.com/title/tt0055471/
Sweet Bird of Youth,7.3,1962,"['Paul Newman', ' Geraldine Page', ' Shirley Knight', ' Ed Begley']",['English'],120,https://www.imdb.com/title/tt0056541/
De stem in het duister,7.3,1962,"['Glenn Ford', ' Lee Remick', ' Stefanie Powers', ' Roy Poole']","['English', 'Cantonese']",123,https://www.imdb.com/title/tt0055972/
Zatôichi monogatari,7.6,1962,"['Shintarô Katsu', ' Masayo Banri', ' Ryûzô Shimada', ' Hajime Mitamura']",['Japanese'],96,https://www.imdb.com/title/tt0056714/
Vivre sa vie: Film en douze tableaux,8.0,1962,"['Anna Karina', ' Sady Rebbot', ' André S Labarthe', ' Guylaine Schlumberger']",['French'],80,https://www.imdb.com/title/tt0056663/
Eenzaam zijn de ontembaren,7.6,1962,"['Kirk Douglas', ' Gena Rowlands', ' Walter Matthau', ' Michael Kane']","['English', 'Spanish']",107,https://www.imdb.com/title/tt0056195/
Hud,7.8,1963,"['Paul Newman', ' Melvyn Douglas', ' Patricia Neal', ' Brandon De Wilde']",['English'],112,https://www.imdb.com/title/tt0057163/
America America,7.8,1963,"['Stathis Giallelis', ' Frank Wolff', ' Elena Karam', ' Harry Davis']",['English'],174,https://www.imdb.com/title/tt0056825/
Les tontons flingueurs,7.8,1963,"['Lino Ventura', ' Bernard Blier', ' Francis Blanche', ' Claude Rich']","['French', 'German', 'English']",105,https://www.imdb.com/title/tt0057591/
Ieri oggi domani,7.3,1963,"['Sophia Loren', ' Marcello Mastroianni', ' Aldo Giuffrè', ' Agostino Salvietti']",['Italian'],117,https://www.imdb.com/title/tt0057171/
Murder at the Gallop,7.3,1963,"['Margaret Rutherford', ' Stringer Davis', ' Robert Morley', ' Flora Robson']",['English'],81,https://www.imdb.com/title/tt0057334/
Fail Safe,8.0,1964,"['Henry Fonda', ' Walter Matthau', ' Fritz Weaver', ' Dan OHerlihy']",['English'],112,https://www.imdb.com/title/tt0058083/
Onibaba,8.0,1964,"['Nobuko Otowa', ' Jitsuko Yoshimura', ' Kei Satô', ' Jûkichi Uno']",['Japanese'],103,https://www.imdb.com/title/tt0058430/
Kaidan,8.0,1964,"['Rentarô Mikuni', ' Michiyo Aratama', ' Misako Watanabe', ' Kenjirô Ishiyama']",['Japanese'],183,https://www.imdb.com/title/tt0058279/
De trein,7.8,1964,"['Burt Lancaster', ' Paul Scofield', ' Jeanne Moreau', ' Suzanne Flon']","['English', 'German']",133,https://www.imdb.com/title/tt0059825/
Zulu,7.7,1964,"['Stanley Baker', ' Jack Hawkins', ' Ulla Jacobsson', ' James Booth']","['English', 'Zulu']",138,https://www.imdb.com/title/tt0058777/
Akahige,8.4,1965,"['Toshirô Mifune', ' Yûzô Kayama', ' Tsutomu Yamazaki', ' Reiko Dan']",['Japanese'],185,https://www.imdb.com/title/tt0058888/
The Flight of the Phoenix,7.5,1965,"['James Stewart', ' Richard Attenborough', ' Peter Finch', ' Hardy Krüger']","['English', 'Italian', 'Arabic']",142,https://www.imdb.com/title/tt0059183/
Guide,8.4,1965,"['Dev Anand', ' Waheeda Rehman', ' Leela Chitnis', ' Anwar Hussain']",['Hindi'],183,https://www.imdb.com/title/tt0059246/
Doctor Zhivago,8.0,1965,"['Omar Sharif', ' Julie Christie', ' Geraldine Chaplin', ' Rod Steiger']","['English', 'Russian', 'French']",197,https://www.imdb.com/title/tt0059113/
A Patch of Blue,8.0,1965,"['Sidney Poitier', ' Shelley Winters', ' Elizabeth Hartman', ' Wallace Ford']",['English'],105,https://www.imdb.com/title/tt0059573/
Dai-bosatsu tôge,8.0,1966,"['Tatsuya Nakadai', ' Michiyo Aratama', ' Yûzô Kayama', ' Yôko Naitô']",['Japanese'],120,https://www.imdb.com/title/tt0060277/
Tanin no kao,8.0,1966,"['Tatsuya Nakadai', ' Mikijirô Hira', ' Kyôko Kishida', ' Miki Irie']","['Japanese', 'German']",122,https://www.imdb.com/title/tt0061065/
Wie is bang voor Virginia Woolf?,8.0,1966,"['Elizabeth Taylor', ' Richard Burton', ' George Segal', ' Sandy Dennis']","['English', 'Latin', 'Spanish']",131,https://www.imdb.com/title/tt0061184/
Au hasard Balthazar,7.9,1966,"['Anne Wiazemsky', ' Walter Green', ' François Lafarge', ' JeanClaude Guilbert']","['French', 'Latin']",95,https://www.imdb.com/title/tt0060138/
Tot de laatste gangster,7.9,1966,"['Lino Ventura', ' Paul Meurisse', ' Raymond Pellegrin', ' Christine Fabréga']",['French'],150,https://www.imdb.com/title/tt0060305/
De Nacht van Inspecteur Tibbs,7.9,1967,"['Sidney Poitier', ' Rod Steiger', ' Warren Oates', ' Lee Grant']",['English'],110,https://www.imdb.com/title/tt0061811/
Playtime,7.9,1967,"['Jacques Tati', ' Barbara Dennek', ' Rita Maiden', ' France Rumilly']","['French', 'English', 'German']",155,https://www.imdb.com/title/tt0062136/
The Dirty Dozen,7.7,1967,"['Lee Marvin', ' Ernest Borgnine', ' Charles Bronson', ' John Cassavetes']","['English', 'German', 'French', 'Spanish', 'Latin']",150,https://www.imdb.com/title/tt0061578/
Cool Hand Luke,8.1,1967,"['Paul Newman', ' George Kennedy', ' Strother Martin', ' JD Cannon']",['English'],127,https://www.imdb.com/title/tt0061512/
Le samouraï,8.1,1967,"['Alain Delon', ' François Périer', ' Nathalie Delon', ' Cathy Rosier']",['French'],105,https://www.imdb.com/title/tt0062229/
Leeuw in de winter,7.9,1968,"['Peter OToole', ' Katharine Hepburn', ' Anthony Hopkins', ' John Castle']","['English', 'French', 'Latin']",134,https://www.imdb.com/title/tt0063227/
The Odd Couple,7.7,1968,"['Jack Lemmon', ' Walter Matthau', ' John Fiedler', ' Herb Edelman']",['English'],105,https://www.imdb.com/title/tt0063374/
Yabu no naka no kuroneko,7.7,1968,"['Kichiemon Nakamura', ' Nobuko Otowa', ' Kei Satô', ' Rokkô Toura']",['Japanese'],99,https://www.imdb.com/title/tt0122136/
Targets,7.4,1968,"['Tim OKelly', ' Boris Karloff', ' Arthur Peterson', ' Monte Landis']",['English'],90,https://www.imdb.com/title/tt0063671/
Night of the Living Dead,7.9,1968,"['Duane Jones', ' Judith ODea', ' Karl Hardman', ' Marilyn Eastman']",['English'],96,https://www.imdb.com/title/tt0063350/
Easy Rider,7.3,1969,"['Peter Fonda', ' Dennis Hopper', ' Jack Nicholson', ' Antonio Mendoza']","['English', 'Spanish', 'Greek, Ancient (to 1453)']",95,https://www.imdb.com/title/tt0064276/
The Italian Job,7.3,1969,"['Michael Caine', ' Noël Coward', ' Benny Hill', ' Raf Vallone']","['English', 'Italian']",99,https://www.imdb.com/title/tt0064505/
Pak de poen en smeer 'm,7.3,1969,"['Woody Allen', ' Janet Margolin', ' Marcel Hillaire', ' Jacquelyn Hyde']","['English', 'Yiddish']",85,https://www.imdb.com/title/tt0065063/
The Passion of Anna,7.7,1969,"['Liv Ullmann', ' Bibi Andersson', ' Max von Sydow', ' Erland Josephson']",['Swedish'],101,https://www.imdb.com/title/tt0064793/
The Wild Bunch,7.9,1969,"['William Holden', ' Ernest Borgnine', ' Robert Ryan', ' Edmond OBrien']","['English', 'Spanish', 'German']",145,https://www.imdb.com/title/tt0065214/
El Topo,7.4,1970,"['Alejandro Jodorowsky', ' Brontis Jodorowsky', ' José Legarreta', ' Alfonso Arau']",['Spanish'],125,https://www.imdb.com/title/tt0067866/
Beloe solntse pustyni,7.8,1970,"['Anatoliy Kuznetsov', ' Pavel Luspekayev', ' Spartak Mishulin', ' Kakhi Kavsadze']",['Russian'],84,https://www.imdb.com/title/tt0066565/
Little Big Man,7.6,1970,"['Dustin Hoffman', ' Faye Dunaway', ' Chief Dan George', ' Martin Balsam']",['English'],139,https://www.imdb.com/title/tt0065988/
Kelly's Heroes,7.6,1970,"['Clint Eastwood', ' Telly Savalas', ' Don Rickles', ' Carroll OConnor']","['English', 'French', 'German']",144,https://www.imdb.com/title/tt0065938/
Patton,7.9,1970,"['George C Scott', ' Karl Malden', ' Stephen Young', ' Michael Strong']","['English', 'German', 'French', 'Russian', 'Arabic', 'Italian']",172,https://www.imdb.com/title/tt0066206/
Get Carter,7.4,1971,"['Michael Caine', ' Ian Hendry', ' Britt Ekland', ' John Osborne']",['English'],112,https://www.imdb.com/title/tt0067128/
The Tragedy of Macbeth,7.4,1971,"['Jon Finch', ' Francesca Annis', ' Martin Shaw', ' Terence Bayler']",['English'],140,https://www.imdb.com/title/tt0067372/
Straw Dogs,7.5,1971,"['Dustin Hoffman', ' Susan George', ' Peter Vaughan', ' TP McKenna']",['English'],113,https://www.imdb.com/title/tt0067800/
A New Leaf,7.4,1971,"['Walter Matthau', ' Elaine May', ' Jack Weston', ' George Rose']",['English'],102,https://www.imdb.com/title/tt0067482/
Harold and Maude,7.9,1971,"['Ruth Gordon', ' Bud Cort', ' Vivian Pickles', ' Cyril Cusack']",['English'],91,https://www.imdb.com/title/tt0067185/
The Way of the Dragon,7.3,1972,"['Bruce Lee', ' Chuck Norris', ' Nora Miao', ' PingOu Wei']","['Mandarin', 'Cantonese', 'English', 'Italian']",99,https://www.imdb.com/title/tt0068935/
"What's Up, Doc?",7.7,1972,"['Barbra Streisand', ' Ryan ONeal', ' Madeline Kahn', ' Kenneth Mars']",['English'],94,https://www.imdb.com/title/tt0069495/
Deliverance,7.7,1972,"['Jon Voight', ' Burt Reynolds', ' Ned Beatty', ' Ronny Cox']",['English'],109,https://www.imdb.com/title/tt0068473/
Die bitteren Tränen der Petra von Kant,7.7,1972,"['Margit Carstensen', ' Hanna Schygulla', ' Katrin Schaake', ' Eva Mattes']",['German'],124,https://www.imdb.com/title/tt0068278/
"L'amour, l'après-midi",7.7,1972,"['Bernard Verley', ' Zouzou', ' Françoise Verley', ' Daniel Ceccaldi']",['French'],97,https://www.imdb.com/title/tt0068205/
O Lucky Man!,7.7,1973,"['Malcolm McDowell', ' Ralph Richardson', ' Rachel Roberts', ' Arthur Lowe']",['English'],178,https://www.imdb.com/title/tt0070464/
Scarecrow,7.3,1973,"['Gene Hackman', ' Al Pacino', ' Dorothy Tristan', ' Ann Wedgeworth']",['English'],112,https://www.imdb.com/title/tt0070643/
Pat Garrett & Billy the Kid,7.3,1973,"['James Coburn', ' Kris Kristofferson', ' Richard Jaeckel', ' Katy Jurado']",['English'],122,https://www.imdb.com/title/tt0070518/
Jesus Christ Superstar,7.4,1973,"['Ted Neeley', ' Carl Anderson', ' Yvonne Elliman', ' Barry Dennen']",['English'],106,https://www.imdb.com/title/tt0070239/
Emperor of the North Pole,7.3,1973,"['Lee Marvin', ' Ernest Borgnine', ' Keith Carradine', ' Charles Tyner']",['English'],118,https://www.imdb.com/title/tt0070030/
"Watch Out, We're Mad",7.4,1974,"['Terence Hill', ' Bud Spencer', ' Patty Shepard', ' Deogratias Huerta']",['Italian'],102,https://www.imdb.com/title/tt0069697/
Lacombe Lucien,7.7,1974,"['Pierre Blaise', ' Aurore Clément', ' Holger Löwenadler', ' Therese Giehse']","['French', 'German', 'English']",138,https://www.imdb.com/title/tt0071733/
Alice Doesn't Live Here Anymore,7.3,1974,"['Ellen Burstyn', ' Kris Kristofferson', ' Mia Bendixsen', ' Alfred Lutter III']",['English'],112,https://www.imdb.com/title/tt0071115/
The Front Page,7.3,1974,"['Jack Lemmon', ' Walter Matthau', ' Susan Sarandon', ' Vincent Gardenia']",['English'],105,https://www.imdb.com/title/tt0071524/
Murder on the Orient Express,7.3,1974,"['Albert Finney', ' Lauren Bacall', ' Ingrid Bergman', ' Sean Connery']","['English', 'French', 'German', 'Turkish', 'Italian', 'Swedish']",128,https://www.imdb.com/title/tt0071877/
"Jeanne Dielman, 23, quai du commerce, 1080 Bruxelles",7.8,1975,"['Delphine Seyrig', ' Jan Decorte', ' Henri Storck', ' Jacques DoniolValcroze']",['French'],202,https://www.imdb.com/title/tt0073198/
Fantozzi,7.9,1975,"['Paolo Villaggio', ' Anna Mazzamauro', ' Gigi Reder', ' Giuseppe Anatrelli']","['Italian', 'Japanese', 'French', 'German']",108,https://www.imdb.com/title/tt0071486/
The Man Who Would Be King,7.8,1975,"['Sean Connery', ' Michael Caine', ' Christopher Plummer', ' Saeed Jaffrey']","['English', 'Arabic', 'Urdu']",129,https://www.imdb.com/title/tt0073341/
Zeven schoonheden,7.8,1975,"['Giancarlo Giannini', ' Fernando Rey', ' Shirley Stoler', ' Elena Fiore']","['Italian', 'German', 'Neapolitan', 'Spanish', 'English']",116,https://www.imdb.com/title/tt0075040/
Nashville,7.7,1975,"['Keith Carradine', ' Karen Black', ' Ronee Blakley', ' Shelley Duvall']",['English'],160,https://www.imdb.com/title/tt0073440/
Carrie,7.4,1976,"['Sissy Spacek', ' Piper Laurie', ' Amy Irving', ' John Travolta']",['English'],98,https://www.imdb.com/title/tt0074285/
Assault on Precinct 13,7.4,1976,"['Austin Stoker', ' Darwin Joston', ' Laurie Zimmer', ' Martin West']",['English'],91,https://www.imdb.com/title/tt0074156/
Le jouet,7.5,1976,"['Pierre Richard', ' Michel Bouquet', ' Fabrice Greco', ' Jacques François']",['French'],95,https://www.imdb.com/title/tt0074720/
The Omen,7.5,1976,"['Gregory Peck', ' Lee Remick', ' Harvey Stephens', ' David Warner']","['English', 'Latin', 'Italian']",111,https://www.imdb.com/title/tt0075005/
Network,8.1,1976,"['Faye Dunaway', ' William Holden', ' Peter Finch', ' Robert Duvall']",['English'],121,https://www.imdb.com/title/tt0074958/
Stroszek,7.8,1977,"['Bruno S', ' Eva Mattes', ' Clemens Scheitz', ' Wilhelm von Homburg']","['German', 'English', 'Turkish']",115,https://www.imdb.com/title/tt0075276/
Sakar Sakir,8.1,1977,"['Kemal Sunal', ' Adile Nasit', ' Ali Sen', ' Ünal Gürel']",['Turkish'],81,https://www.imdb.com/title/tt0253621/
Una giornata particolare,8.1,1977,"['Sophia Loren', ' Marcello Mastroianni', ' John Vernon', ' Françoise Berd']",['Italian'],106,https://www.imdb.com/title/tt0076085/
Gülen Gözler,8.5,1977,"['Münir Özkul', ' Adile Nasit', ' Halit Akçatepe', ' Müjde Ar']",['Turkish'],97,https://www.imdb.com/title/tt0289967/
3 Women,7.8,1977,"['Shelley Duvall', ' Sissy Spacek', ' Janice Rule', ' Robert Fortier']",['English'],124,https://www.imdb.com/title/tt0075612/
Midnight Express,7.6,1978,"['Brad Davis', ' Irene Miracle', ' Bo Hopkins', ' Paolo Bonacelli']","['English', 'Maltese', 'French', 'Turkish']",121,https://www.imdb.com/title/tt0077928/
Halloween,7.7,1978,"['Donald Pleasence', ' Jamie Lee Curtis', ' Tony Moran', ' Nancy Kyes']",['English'],91,https://www.imdb.com/title/tt0077651/
Straight Time,7.4,1978,"['Dustin Hoffman', ' Theresa Russell', ' Gary Busey', ' Harry Dean Stanton']","['English', 'Spanish', 'Cantonese']",114,https://www.imdb.com/title/tt0078326/
The Silent Partner,7.4,1978,"['Elliott Gould', ' Christopher Plummer', ' Susannah York', ' Céline Lomez']",['English'],106,https://www.imdb.com/title/tt0078269/
Neseli Günler,8.7,1978,"['Münir Özkul', ' Adile Nasit', ' Sener Sen', ' Aysen Gruda']",['Turkish'],92,https://www.imdb.com/title/tt0765833/
The Wanderers,7.4,1979,"['Ken Wahl', ' Karen Allen', ' John Friedrich', ' Toni Kalem']","['English', 'Italian']",112,https://www.imdb.com/title/tt0080117/
Fukushû suru wa ware ni ari,7.8,1979,"['Ken Ogata', ' Rentarô Mikuni', ' Chôchô Miyako', ' Mitsuko Baishô']","['Japanese', 'English']",140,https://www.imdb.com/title/tt0079182/
Die Blechtrommel,7.5,1979,"['David Bennent', ' Mario Adorf', ' Angela Winkler', ' Katharina Thalbach']","['German', 'Italian', 'Hebrew', 'Polish', 'Russian', 'Latin']",142,https://www.imdb.com/title/tt0078875/
A Little Romance,7.5,1979,"['Laurence Olivier', ' Diane Lane', ' Thelonious Bernard', ' Arthur Hill']","['English', 'French', 'Italian']",110,https://www.imdb.com/title/tt0079477/
Nosferatu: Phantom der Nacht,7.5,1979,"['Klaus Kinski', ' Isabelle Adjani', ' Bruno Ganz', ' Roland Topor']","['German', 'English', 'Romany']",107,https://www.imdb.com/title/tt0079641/
Raging Bull,8.2,1980,"['Robert De Niro', ' Cathy Moriarty', ' Joe Pesci', ' Frank Vincent']",['English'],129,https://www.imdb.com/title/tt0081398/
Ko to tamo peva,8.8,1980,"['Pavle Vuisic', ' Dragan Nikolic', ' Danilo Bata Stojkovic', ' Aleksandar Bercek']",['Serbo-Croatian'],86,https://www.imdb.com/title/tt0076276/
Kagemusha,8.0,1980,"['Tatsuya Nakadai', ' Tsutomu Yamazaki', ' Kenichi Hagiwara', ' Jinpachi Nezu']",['Japanese'],180,https://www.imdb.com/title/tt0080979/
Pixote: A Lei do Mais Fraco,8.0,1980,"['Fernando Ramos da Silva', ' Jorge Julião', ' Gilberto Moura', ' Edilson Lino']",['Portuguese'],128,https://www.imdb.com/title/tt0082912/
The Long Good Friday,7.6,1980,"['Bob Hoskins', ' Helen Mirren', ' Paul Freeman', ' Leo Dolan']","['English', 'French']",114,https://www.imdb.com/title/tt0081070/
Gallipoli,7.4,1981,"['Mel Gibson', ' Mark Lee', ' Bill Kerr', ' Harold Hopkins']","['English', 'Arabic', 'French']",110,https://www.imdb.com/title/tt0082432/
My Dinner with Andre,7.8,1981,"['Andre Gregory', ' Wallace Shawn', ' Jean Lenauer', ' Roy Butler']","['English', 'French']",110,https://www.imdb.com/title/tt0082783/
Excalibur,7.4,1981,"['Nigel Terry', ' Helen Mirren', ' Nicholas Clay', ' Cherie Lunghi']",['English'],140,https://www.imdb.com/title/tt0082348/
Blow Out,7.4,1981,"['John Travolta', ' Nancy Allen', ' John Lithgow', ' Dennis Franz']",['English'],108,https://www.imdb.com/title/tt0082085/
Body Heat,7.4,1981,"['William Hurt', ' Kathleen Turner', ' Richard Crenna', ' Ted Danson']",['English'],113,https://www.imdb.com/title/tt0082089/
The Thing,8.1,1982,"['Kurt Russell', ' Wilford Brimley', ' Keith David', ' Richard Masur']","['English', 'Norwegian']",109,https://www.imdb.com/title/tt0084787/
Fitzcarraldo,8.1,1982,"['Klaus Kinski', ' Claudia Cardinale', ' José Lewgoy', ' Miguel Ángel Fuentes']","['German', 'English', 'Spanish', 'Quechua', 'Italian']",158,https://www.imdb.com/title/tt0083946/
Çiçek Abbas,8.1,1982,"['Ilyas Salman', ' Sener Sen', ' Aysen Gruda', ' Pembe Mutlu']",['Turkish'],87,https://www.imdb.com/title/tt0263208/
Fanny och Alexander,8.1,1982,"['Bertil Guve', ' Pernilla Allwin', ' Kristina Adolphson', ' Börje Ahlstedt']","['Swedish', 'German', 'Yiddish', 'English', 'French']",188,https://www.imdb.com/title/tt0083922/
My Favorite Year,7.4,1982,"['Peter OToole', ' Mark LinnBaker', ' Jessica Harper', ' Joseph Bologna']",['English'],92,https://www.imdb.com/title/tt0084370/
Hadashi no Gen,8.0,1983,"['Issei Miyazaki', ' Catherine Battistone', ' Yoshie Shimamura', ' Iona Morris']","['Japanese', 'English']",83,https://www.imdb.com/title/tt0085218/
Nostalgia,8.1,1983,"['Oleg Yankovskiy', ' Erland Josephson', ' Domiziana Giordano', ' Patrizia Terreno']","['Russian', 'Italian']",125,https://www.imdb.com/title/tt0086022/
E la nave va,7.6,1983,"['Freddie Jones', ' Barbara Jefford', ' Victor Poletti', ' Peter Cellier']","['Italian', 'German', 'Serbian', 'Russian']",132,https://www.imdb.com/title/tt0087188/
A Christmas Story,7.9,1983,"['Peter Billingsley', ' Melinda Dillon', ' Darren McGavin', ' Scott Schwartz']",['English'],93,https://www.imdb.com/title/tt0085334/
El Norte,7.7,1983,"['Zaide Silvia Gutiérrez', ' David Villalpando', ' Ernesto Gómez Cruz', ' Alicia del Lago']","['Spanish', 'Maya', 'English']",141,https://www.imdb.com/title/tt0085482/
Stranger Than Paradise,7.5,1984,"['John Lurie', ' Eszter Balint', ' Richard Edson', ' Cecillia Stark']","['English', 'Hungarian', 'Italian']",89,https://www.imdb.com/title/tt0088184/
Ronja Rövardotter,7.3,1984,"['Hanna Zetterberg', ' Dan Håfström', ' Börje Ahlstedt', ' Lena Nyman']","['Swedish', 'English', 'German']",126,https://www.imdb.com/title/tt0088015/
The Natural,7.5,1984,"['Robert Redford', ' Robert Duvall', ' Glenn Close', ' Kim Basinger']",['English'],138,https://www.imdb.com/title/tt0087781/
A Passage to India,7.3,1984,"['Judy Davis', ' Victor Banerjee', ' Peggy Ashcroft', ' James Fox']","['English', 'Hindi']",164,https://www.imdb.com/title/tt0087892/
Het uur van de waarheid,7.3,1984,"['Ralph Macchio', ' Pat Morita', ' Elisabeth Shue', ' Martin Kove']","['English', 'Japanese']",126,https://www.imdb.com/title/tt0087538/
The Return of the Living Dead,7.3,1985,"['Clu Gulager', ' James Karen', ' Don Calfa', ' Thom Mathews']",['English'],91,https://www.imdb.com/title/tt0089907/
Terug naar de toekomst,8.5,1985,"['Michael J Fox', ' Christopher Lloyd', ' Lea Thompson', ' Crispin Glover']",['English'],116,https://www.imdb.com/title/tt0088763/
The Breakfast Club,7.8,1985,"['Emilio Estevez', ' Judd Nelson', ' Molly Ringwald', ' Ally Sheedy']",['English'],97,https://www.imdb.com/title/tt0088847/
The Color Purple,7.8,1985,"['Danny Glover', ' Whoopi Goldberg', ' Oprah Winfrey', ' Margaret Avery']",['English'],154,https://www.imdb.com/title/tt0088939/
The Goonies,7.8,1985,"['Sean Astin', ' Josh Brolin', ' Jeff Cohen', ' Corey Feldman']","['English', 'Spanish', 'Cantonese', 'Italian']",114,https://www.imdb.com/title/tt0089218/
Aliens,8.3,1986,"['Sigourney Weaver', ' Michael Biehn', ' Carrie Henn', ' Paul Reiser']",['English'],137,https://www.imdb.com/title/tt0090605/
37°2 le matin,7.4,1986,"['JeanHugues Anglade', ' Béatrice Dalle', ' Gérard Darmon', ' Consuelo De Haviland']",['French'],185,https://www.imdb.com/title/tt0090563/
Labyrinth,7.4,1986,"['David Bowie', ' Jennifer Connelly', ' Toby Froud', ' Shelley Thompson']",['English'],101,https://www.imdb.com/title/tt0091369/
The Mission,7.4,1986,"['Robert De Niro', ' Jeremy Irons', ' Ray McAnally', ' Aidan Quinn']","['English', 'Guarani', 'Spanish', 'Latin']",125,https://www.imdb.com/title/tt0091530/
Big Trouble in Little China,7.3,1986,"['Kurt Russell', ' Kim Cattrall', ' Dennis Dun', ' James Hong']","['English', 'Cantonese']",99,https://www.imdb.com/title/tt0090728/
Maurice,7.7,1987,"['James Wilby', ' Rupert Graves', ' Hugh Grant', ' Denholm Elliott']",['English'],140,https://www.imdb.com/title/tt0093512/
The Last Emperor,7.7,1987,"['John Lone', ' Joan Chen', ' Peter OToole', ' Ruocheng Ying']","['English', 'Mandarin', 'Japanese']",163,https://www.imdb.com/title/tt0093389/
Ôritsu uchûgun Oneamisu no tsubasa,7.3,1987,"['Leo Morimoto', ' David Thomas', ' Mitsuki Yayoi', ' Heidi Lenhart']",['Japanese'],121,https://www.imdb.com/title/tt0093207/
Khane-ye doust kodjast?,8.1,1987,"['Babek Ahmed Poor', ' Ahmed Ahmed Poor', ' Khodabakhsh Defaei', ' Iran Outari']",['Persian'],83,https://www.imdb.com/title/tt0093342/
The Princess Bride,8.1,1987,"['Cary Elwes', ' Mandy Patinkin', ' Robin Wright', ' Chris Sarandon']",['English'],98,https://www.imdb.com/title/tt0093779/
Qayamat Se Qayamat Tak,7.5,1988,"['Aamir Khan', ' Juhi Chawla', ' Goga Kapoor', ' Dalip Tahil']","['Hindi', 'Urdu']",162,https://www.imdb.com/title/tt0095936/
Midnight Run,7.5,1988,"['Robert De Niro', ' Charles Grodin', ' Yaphet Kotto', ' John Ashton']",['English'],126,https://www.imdb.com/title/tt0095631/
The Last Temptation of Christ,7.5,1988,"['Willem Dafoe', ' Harvey Keitel', ' Barbara Hershey', ' Paul Greco']",['English'],164,https://www.imdb.com/title/tt0095497/
A Fish Called Wanda,7.5,1988,"['John Cleese', ' Jamie Lee Curtis', ' Kevin Kline', ' Michael Palin']","['English', 'Italian', 'Russian', 'French']",108,https://www.imdb.com/title/tt0095159/
Beetle Juice,7.5,1988,"['Alec Baldwin', ' Geena Davis', ' Michael Keaton', ' Annie McEnroe']",['English'],92,https://www.imdb.com/title/tt0094721/
Steel Magnolias,7.3,1989,"['Shirley MacLaine', ' Olympia Dukakis', ' Sally Field', ' Julia Roberts']",['English'],117,https://www.imdb.com/title/tt0098384/
Do the Right Thing,8.0,1989,"['Danny Aiello', ' Ossie Davis', ' Ruby Dee', ' Richard Edson']","['English', 'Italian', 'Spanish', 'Korean']",120,https://www.imdb.com/title/tt0097216/
National Lampoon's Christmas Vacation,7.6,1989,"['Chevy Chase', ' Beverly DAngelo', ' Juliette Lewis', ' Johnny Galecki']",['English'],97,https://www.imdb.com/title/tt0097958/
Der siebente Kontinent,7.7,1989,"['Birgit Doll', ' Dieter Berner', ' Leni Tanzer', ' Udo Samel']","['German', 'French', 'English']",104,https://www.imdb.com/title/tt0098327/
Lean on Me,7.4,1989,"['Morgan Freeman', ' Beverly Todd', ' Robert Guillaume', ' Alan North']","['English', 'Spanish', 'Portuguese']",108,https://www.imdb.com/title/tt0097722/
Nikita,7.3,1990,"['Anne Parillaud', ' Marc Duret', ' Patrick Fontana', ' Alain Lathière']","['French', 'Italian', 'English']",117,https://www.imdb.com/title/tt0100263/
Miller's Crossing,7.7,1990,"['Gabriel Byrne', ' Albert Finney', ' John Turturro', ' Marcia Gay Harden']","['English', 'Italian', 'Irish Gaelic', 'Yiddish']",115,https://www.imdb.com/title/tt0100150/
Le mari de la coiffeuse,7.3,1990,"['Jean Rochefort', ' Anna Galiena', ' Roland Bertin', ' Maurice Chevit']","['French', 'Arabic']",82,https://www.imdb.com/title/tt0100112/
"Back to the future, deel 3",7.4,1990,"['Michael J Fox', ' Christopher Lloyd', ' Mary Steenburgen', ' Thomas F Wilson']",['English'],118,https://www.imdb.com/title/tt0099088/
Ju Dou,7.7,1990,"['Gong Li', ' Wei Li', ' Baotian Li', ' Zhang Yi']",['Mandarin'],95,https://www.imdb.com/title/tt0099902/
Toto le héros,7.6,1991,"['Michel Bouquet', ' Mireille Perrier', ' Jo De Backer', ' Thomas Godet']",['French'],91,https://www.imdb.com/title/tt0103105/
Omohide poro poro,7.6,1991,"['Miki Imai', ' Toshirô Yanagiba', ' Yoko Honna', ' Mayumi Izuka']","['Japanese', 'Bulgarian']",118,https://www.imdb.com/title/tt0102587/
Pappa ante Portas,7.9,1991,"['Evelyn Hamann', ' Vicco von Bülow', ' Irm Hermann', ' HansPeter Korff']",['German'],89,https://www.imdb.com/title/tt0102629/
Europa,7.6,1991,"['Barbara Sukowa', ' JeanMarc Barr', ' Udo Kier', ' ErnstHugo Järegård']","['English', 'German']",112,https://www.imdb.com/title/tt0101829/
Mediterraneo,7.5,1991,"['Diego Abatantuono', ' Claudio Bigagli', ' Giuseppe Cederna', ' Claudio Bisio']","['Italian', 'English', 'Greek', 'Turkish']",96,https://www.imdb.com/title/tt0102426/
Passion Fish,7.4,1992,"['Mary McDonnell', ' Alfre Woodard', ' Angela Bassett', ' Lenore Banks']","['English', 'French']",135,https://www.imdb.com/title/tt0105107/
Un coeur en hiver,7.6,1992,"['Daniel Auteuil', ' Emmanuelle Béart', ' André Dussollier', ' Elizabeth Bourgine']",['French'],105,https://www.imdb.com/title/tt0105682/
Qiu Ju da guan si,7.6,1992,"['Gong Li', ' Peiqi Liu', ' Liuchun Yang', ' Kesheng Lei']",['Mandarin'],100,https://www.imdb.com/title/tt0105197/
My Cousin Vinny,7.6,1992,"['Joe Pesci', ' Marisa Tomei', ' Ralph Macchio', ' Mitchell Whitfield']",['English'],120,https://www.imdb.com/title/tt0104952/
Bram Stoker's Dracula,7.4,1992,"['Gary Oldman', ' Winona Ryder', ' Anthony Hopkins', ' Keanu Reeves']","['English', 'Romanian', 'Greek', 'Bulgarian', 'Latin']",128,https://www.imdb.com/title/tt0103874/
Bound by Honor,8.0,1993,"['Damian Chapa', ' Jesse Borrego', ' Benjamin Bratt', ' Enrique Castillo']","['English', 'Spanish', 'Arabic']",180,https://www.imdb.com/title/tt0106469/
Sonatine,7.5,1993,"['Takeshi Kitano', ' Aya Kokumai', ' Tetsu Watanabe', ' Masanobu Katsumura']",['Japanese'],94,https://www.imdb.com/title/tt0108188/
Siu nin Wong Fei Hung chi: Tit ma lau,7.5,1993,"['Rongguang Yu', ' Donnie Yen', ' Jean Wang', ' SzeMan Tsang']",['Cantonese'],90,https://www.imdb.com/title/tt0108148/
Rudy,7.5,1993,"['Sean Astin', ' Jon Favreau', ' Ned Beatty', ' Greta Lind']","['English', 'Spanish']",114,https://www.imdb.com/title/tt0108002/
A Perfect World,7.5,1993,"['Kevin Costner', ' Clint Eastwood', ' Laura Dern', ' TJ Lowther']",['English'],138,https://www.imdb.com/title/tt0107808/
Fresh,7.6,1994,"['Sean Nelson', ' Giancarlo Esposito', ' Samuel L Jackson', ' NBushe Wright']","['English', 'Spanish']",114,https://www.imdb.com/title/tt0109842/
Léon,8.5,1994,"['Jean Reno', ' Gary Oldman', ' Natalie Portman', ' Danny Aiello']","['English', 'Italian', 'French']",110,https://www.imdb.com/title/tt0110413/
Pulp Fiction,8.9,1994,"['John Travolta', ' Uma Thurman', ' Samuel L Jackson', ' Bruce Willis']","['English', 'Spanish', 'French']",154,https://www.imdb.com/title/tt0110912/
The Sum of Us,7.3,1994,"['Jack Thompson', ' Russell Crowe', ' John Polson', ' Deborah Kennedy']",['English'],100,https://www.imdb.com/title/tt0111309/
The Shawshank Redemption,9.3,1994,"['Tim Robbins', ' Morgan Freeman', ' Bob Gunton', ' William Sadler']",['English'],142,https://www.imdb.com/title/tt0111161/
The Usual Suspects,8.5,1995,"['Kevin Spacey', ' Gabriel Byrne', ' Chazz Palminteri', ' Stephen Baldwin']","['English', 'Hungarian', 'Spanish', 'French']",106,https://www.imdb.com/title/tt0114814/
Dragon Ball Z: Fukkatsu no Fusion!! Gokuu to Vegeta,7.7,1995,"['Masako Nozawa', ' Ryô Horikawa', ' Takeshi Kusao', ' Daisuke Gôri']",['Japanese'],51,https://www.imdb.com/title/tt0142236/
Dragon Ball Z - Doragon bôru zetto: Ryûken bakuhatsu!! Gokû ga yaraneba dare ga yaru,7.5,1995,"['Masako Nozawa', ' Takeshi Kusao', ' Mayumi Tanaka', ' Hiromi Tsuru']",['Japanese'],52,https://www.imdb.com/title/tt0142243/
To vlemma tou Odyssea,7.6,1995,"['Harvey Keitel', ' Maia Morgenstern', ' Erland Josephson', ' Thanasis Vengos']","['English', 'Greek', 'Bulgarian', 'Albanian', 'Serbian', 'Romanian', 'Kurdish', 'Macedonian', 'German']",176,https://www.imdb.com/title/tt0114863/
Land and Freedom,7.6,1995,"['Ian Hart', ' Rosana Pastor', ' Icíar Bollaín', ' Tom Gilroy']","['English', 'Spanish', 'Catalan']",109,https://www.imdb.com/title/tt0114671/
Hamlet,7.7,1996,"['Kenneth Branagh', ' Julie Christie', ' Derek Jacobi', ' Kate Winslet']",['English'],242,https://www.imdb.com/title/tt0116477/
Lepa sela lepo gore,8.7,1996,"['Dragan Bjelogrlic', ' Nikola Kojo', ' Dragan Maksimovic', ' Zoran Cvijanovic']","['Bosnian', 'Serbian', 'English']",115,https://www.imdb.com/title/tt0116860/
Kauas pilvet karkaavat,7.7,1996,"['Kati Outinen', ' Kari Väänänen', ' Elina Salo', ' Sakari Kuosmanen']","['Finnish', 'Swedish', 'English']",97,https://www.imdb.com/title/tt0116752/
The Rock,7.4,1996,"['Sean Connery', ' Nicolas Cage', ' Ed Harris', ' John Spencer']",['English'],136,https://www.imdb.com/title/tt0117500/
Primal Fear,7.7,1996,"['Richard Gere', ' Laura Linney', ' Edward Norton', ' John Mahoney']","['English', 'Spanish']",129,https://www.imdb.com/title/tt0117381/
The Devil's Advocate,7.5,1997,"['Keanu Reeves', ' Al Pacino', ' Charlize Theron', ' Jeffrey Jones']","['English', 'German', 'Italian', 'Mandarin', 'Spanish']",144,https://www.imdb.com/title/tt0118971/
Contact,7.5,1997,"['Jodie Foster', ' Matthew McConaughey', ' Tom Skerritt', ' John Hurt']","['English', 'Spanish', 'German', 'Russian']",150,https://www.imdb.com/title/tt0118884/
Jackie Brown,7.5,1997,"['Pam Grier', ' Samuel L Jackson', ' Robert Forster', ' Bridget Fonda']",['English'],154,https://www.imdb.com/title/tt0119396/
Lawn Dogs,7.5,1997,"['Sam Rockwell', ' Kathleen Quinlan', ' Mischa Barton', ' Christopher McDonald']",['English'],101,https://www.imdb.com/title/tt0119506/
Iruvar,8.5,1997,"['Mohanlal', ' Prakash Raj', ' Aishwarya Rai Bachchan', ' Gautami']",['Tamil'],140,https://www.imdb.com/title/tt0119385/
Mulan,7.6,1998,"['MingNa Wen', ' Eddie Murphy', ' BD Wong', ' Miguel Ferrer']","['English', 'Mandarin']",88,https://www.imdb.com/title/tt0120762/
Fear and Loathing in Las Vegas,7.6,1998,"['Johnny Depp', ' Benicio Del Toro', ' Tobey Maguire', ' Michael Lee Gogin']",['English'],118,https://www.imdb.com/title/tt0120669/
The Red Violin,7.6,1998,"['Carlo Cecchi', ' JeanLuc Bideau', ' Christoph Koncz', ' Jason Flemyng']","['English', 'Italian', 'German', 'French', 'Mandarin']",130,https://www.imdb.com/title/tt0120802/
Dark City,7.6,1998,"['Rufus Sewell', ' Kiefer Sutherland', ' Jennifer Connelly', ' William Hurt']",['English'],100,https://www.imdb.com/title/tt0118929/
Dil Se..,7.6,1998,"['Shah Rukh Khan', ' Manisha Koirala', ' Preity Zinta', ' Raghuvir Yadav']",['Hindi'],144,https://www.imdb.com/title/tt0164538/
The Green Mile,8.6,1999,"['Tom Hanks', ' Michael Clarke Duncan', ' David Morse', ' Bonnie Hunt']","['English', 'French']",189,https://www.imdb.com/title/tt0120689/
Rosetta,7.5,1999,"['Émilie Dequenne', ' Fabrizio Rongione', ' Anne Yernaux', ' Olivier Gourmet']",['French'],95,https://www.imdb.com/title/tt0200071/
La lengua de las mariposas,7.6,1999,"['Manuel Lozano', ' Fernando Fernán Gómez', ' Uxía Blanco', ' Gonzalo Uriarte']","['Spanish', 'Galician', 'Latin']",96,https://www.imdb.com/title/tt0188030/
The Hurricane,7.6,1999,"['Denzel Washington', ' Vicellous Shannon', ' Deborah Kara Unger', ' Liev Schreiber']",['English'],146,https://www.imdb.com/title/tt0174856/
In China They Eat Dogs,7.4,1999,"['Kim Bodnia', ' Dejan Cukic', ' Nikolaj Lie Kaas', ' Tomas Villum Jensen']","['Danish', 'English', 'Serbian', 'German']",91,https://www.imdb.com/title/tt0180748/
Erin Brockovich,7.4,2000,"['Julia Roberts', ' Albert Finney', ' David Brisbin', ' Dawn Didawick']",['English'],131,https://www.imdb.com/title/tt0195685/
Quills,7.3,2000,"['Geoffrey Rush', ' Kate Winslet', ' Joaquin Phoenix', ' Michael Caine']","['English', 'Latin']",124,https://www.imdb.com/title/tt0180073/
Frequency,7.3,2000,"['Dennis Quaid', ' Jim Caviezel', ' Shawn Doyle', ' Elizabeth Mitchell']",['English'],118,https://www.imdb.com/title/tt0186151/
Dinner Rush,7.3,2000,"['Danny Aiello', ' Edoardo Ballerini', ' John Rothman', ' Frank Bongiorno']","['English', 'Italian', 'French']",99,https://www.imdb.com/title/tt0229340/
Sexy Beast,7.3,2000,"['Ray Winstone', ' Ben Kingsley', ' Ian McShane', ' Amanda Redman']","['English', 'Spanish']",89,https://www.imdb.com/title/tt0203119/
Baran,7.8,2001,"['Hossein Abedini', ' Zahra Bahrami', ' Mohammad Amir Naji', ' Hossein Mahjoub']","['Kurdish', 'Persian', 'Azerbaijani']",94,https://www.imdb.com/title/tt0233841/
Waking Life,7.8,2001,"['Ethan Hawke', ' Trevor Jack Brooks', ' Lorelei Linklater', ' Wiley Wiggins']",['English'],99,https://www.imdb.com/title/tt0243017/
Samsara,7.7,2001,"['Shawn Ku', ' Christy Chung', ' Neelesha Barthel', ' Lhakpa Tsering']","['Tibetan', 'Ladakhi']",145,https://www.imdb.com/title/tt0196069/
Sennen joyû,7.9,2001,"['Miyoko Shôji', ' Shôzô Îzuka', ' Mami Koyama', ' Fumiko Orikasa']","['Japanese', 'English']",87,https://www.imdb.com/title/tt0291350/
Atanarjuat,7.5,2001,"['Natar Ungalaaq', ' Sylvia Ivalu', ' PeterHenry Arnatsiaq', ' Lucy Tulugarjuk']",['Inuktitut'],172,https://www.imdb.com/title/tt0285441/
Gangs of New York,7.5,2002,"['Leonardo DiCaprio', ' Cameron Diaz', ' Daniel DayLewis', ' Jim Broadbent']","['English', 'Irish Gaelic', 'Chinese', 'Latin']",167,https://www.imdb.com/title/tt0217505/
The Pianist,8.5,2002,"['Adrien Brody', ' Thomas Kretschmann', ' Frank Finlay', ' Emilia Fox']","['English', 'German', 'Russian']",150,https://www.imdb.com/title/tt0253474/
Mrtav 'ladan,8.4,2002,"['Nikola Djuricko', ' Sonja Kolacaric', ' Tara Manic', ' Srdjan Zika Todorovic']",['Serbian'],90,https://www.imdb.com/title/tt0301634/
L'auberge espagnole,7.3,2002,"['Romain Duris', ' Judith Godrèche', ' Kelly Reilly', ' Audrey Tautou']","['French', 'Spanish', 'English', 'Catalan', 'Danish', 'German', 'Italian']",122,https://www.imdb.com/title/tt0283900/
Dirty Pretty Things,7.3,2002,"['Chiwetel Ejiofor', ' Audrey Tautou', ' Sophie Okonedo', ' Kriss Dosanjh']","['English', 'Somali', 'Spanish', 'French']",97,https://www.imdb.com/title/tt0301199/
Salmer fra kjøkkenet,7.3,2003,"['Tomas Norström', ' Joachim Calmeyer', ' Bjørn Floberg', ' Reine Brynolfsson']","['Norwegian', 'Swedish']",95,https://www.imdb.com/title/tt0323872/
X-Men 2,7.4,2003,"['Patrick Stewart', ' Hugh Jackman', ' Halle Berry', ' Ian McKellen']","['English', 'German', 'Italian', 'Spanish']",134,https://www.imdb.com/title/tt0290334/
Lisbela e o Prisioneiro,7.6,2003,"['André Mattos', ' Aramis Trindade', ' Bruno Garcia', ' Carlos Casagrande']",['Portuguese'],106,https://www.imdb.com/title/tt0367975/
O Homem Que Copiava,7.6,2003,"['Lázaro Ramos', ' Leandra Leal', ' Luana Piovani', ' Pedro Cardoso']",['Portuguese'],123,https://www.imdb.com/title/tt0367859/
Big Fish,8.0,2003,"['Ewan McGregor', ' Albert Finney', ' Billy Crudup', ' Jessica Lange']","['English', 'Cantonese']",125,https://www.imdb.com/title/tt0319061/
Taegukgi hwinalrimyeo,8.0,2004,"['Jang DongGun', ' Won Bin', ' Eunju Lee', ' Hyeongjin Kong']",['Korean'],140,https://www.imdb.com/title/tt0386064/
Kill Bill: Vol. 2,8.0,2004,"['Uma Thurman', ' David Carradine', ' Michael Madsen', ' Daryl Hannah']","['English', 'Cantonese', 'Mandarin', 'Spanish']",137,https://www.imdb.com/title/tt0378194/
Walk on Water,7.3,2004,"['Lior Ashkenazi', ' Knut Berger', ' Caroline Peters', ' Gideon Shemer']","['English', 'German', 'Hebrew', 'Italian', 'Turkish', 'Arabic']",103,https://www.imdb.com/title/tt0352994/
Ghilli,8.0,2004,"['Joseph Vijay', ' Trisha Krishnan', ' Prakash Raj', ' Ashish Vidyarthi']",['Tamil'],160,https://www.imdb.com/title/tt0422320/
Mar adentro,8.0,2004,"['Javier Bardem', ' Belén Rueda', ' Lola Dueñas', ' Mabel Rivera']","['Spanish', 'Catalan', 'Galician']",126,https://www.imdb.com/title/tt0369702/
"The Prize Winner of Defiance, Ohio",7.3,2005,"['Julianne Moore', ' Woody Harrelson', ' Laura Dern', ' Trevor Morgan']",['English'],99,https://www.imdb.com/title/tt0406158/
Coach Carter,7.3,2005,"['Samuel L Jackson', ' Rick Gonzalez', ' Robert Richard', ' Rob Brown']",['English'],136,https://www.imdb.com/title/tt0393162/
Hustle & Flow,7.3,2005,"['Terrence Howard', ' Ludacris', ' Anthony Anderson', ' Taryn Manning']",['English'],116,https://www.imdb.com/title/tt0410097/
North Country,7.3,2005,"['Charlize Theron', ' Jeremy Renner', ' Frances McDormand', ' Thomas Curtis']",['English'],126,https://www.imdb.com/title/tt0395972/
C.R.A.Z.Y.,7.9,2005,"['Michel Côté', ' MarcAndré Grondin', ' Danielle Proulx', ' Émile Vallée']","['French', 'English', 'German', 'Spanish', 'Polish']",129,https://www.imdb.com/title/tt0401085/
Apocalypto,7.8,2006,"['Gerardo Taracena', ' Raoul Max Trujillo', ' Dalia Hernández', ' Rudy Youngblood']",['Maya'],139,https://www.imdb.com/title/tt0472043/
Children of Men,7.9,2006,"['Julianne Moore', ' Clive Owen', ' Chiwetel Ejiofor', ' Michael Caine']","['English', 'German', 'Italian', 'Romanian', 'Spanish', 'Arabic', 'Georgian', 'Russian', 'Serbian']",109,https://www.imdb.com/title/tt0206634/
Little Miss Sunshine,7.8,2006,"['Steve Carell', ' Toni Collette', ' Greg Kinnear', ' Abigail Breslin']",['English'],101,https://www.imdb.com/title/tt0449059/
San xia hao ren,7.3,2006,"['Tao Zhao', ' Zhou Lan', ' Sanming Han', ' Lizhen Ma']",['Mandarin'],111,https://www.imdb.com/title/tt0859765/
Biyeolhan geori,7.3,2006,"['InSung Jo', ' Hojin Chun', ' Min Namkoong', ' Lee Boyoung']",['Korean'],140,https://www.imdb.com/title/tt0821442/
Freedom Writers,7.6,2007,"['Hilary Swank', ' Imelda Staunton', ' Patrick Dempsey', ' Scott Glenn']","['English', 'Spanish']",123,https://www.imdb.com/title/tt0463998/
Grindhouse,7.5,2007,"['Kurt Russell', ' Rose McGowan', ' Danny Trejo', ' Zoë Bell']","['English', 'Spanish']",191,https://www.imdb.com/title/tt0462322/
Happy Days,7.9,2007,"['Varun Sandesh', ' Tamannaah Bhatia', ' Raahul', ' Sonia']",['Telugu'],153,https://www.imdb.com/title/tt1214961/
Control,7.7,2007,"['Sam Riley', ' Samantha Morton', ' Craig Parkinson', ' Alexandra Maria Lara']",['English'],122,https://www.imdb.com/title/tt0421082/
La Vie En Rose,7.6,2007,"['Marion Cotillard', ' Sylvie Testud', ' Pascal Greggory', ' Emmanuelle Seigner']","['French', 'English']",140,https://www.imdb.com/title/tt0450188/
Keith,7.4,2008,"['Elisabeth Harnois', ' Jesse McCartney', ' Margo Harshman', ' Ignacio Serricchio']",['English'],95,https://www.imdb.com/title/tt0435679/
Red Cliff,7.4,2008,"['Tony ChiuWai Leung', ' Takeshi Kaneshiro', ' Fengyi Zhang', ' Chang Chen']",['Mandarin'],288,https://www.imdb.com/title/tt0425637/
Üç Maymun,7.3,2008,"['Yavuz Bingöl', ' Hatice Aslan', ' Ahmet Rifat Sungar', ' Ercan Kesal']",['Turkish'],109,https://www.imdb.com/title/tt1233381/
Dasavatharam,7.3,2008,"['Kamal Haasan', ' Asin Thottumkal', ' Jaya Prada', ' Mallika Sherawat']",['Tamil'],188,https://www.imdb.com/title/tt0479651/
Der Baader Meinhof Komplex,7.4,2008,"['Martina Gedeck', ' Moritz Bleibtreu', ' Johanna Wokalek', ' Bruno Ganz']","['German', 'English', 'French', 'Swedish', 'Arabic']",150,https://www.imdb.com/title/tt0765432/
Trailer Park Boys: Countdown to Liquor Day,7.4,2009,"['Robb Wells', ' John Paul Tremblay', ' Mike Smith', ' John Dunsworth']",['English'],102,https://www.imdb.com/title/tt1337032/
Einayim Petukhoth,7.3,2009,"['Zohar Strauss', ' Ran Danker', ' Tinkerbell', ' Tzahi Grad']","['Hebrew', 'Yiddish', 'German', 'French', 'English']",91,https://www.imdb.com/title/tt1424327/
Watchmen,7.6,2009,"['Jackie Earle Haley', ' Patrick Wilson', ' Carla Gugino', ' Malin Akerman']",['English'],162,https://www.imdb.com/title/tt0409459/
Harry Potter en de halfbloed prins,7.6,2009,"['Daniel Radcliffe', ' Emma Watson', ' Rupert Grint', ' Michael Gambon']","['English', 'Latin']",153,https://www.imdb.com/title/tt0417741/
13B: Fear Has a New Address,7.3,2009,"['Madhavan', ' Nitu Chandra', ' Poonam Dhillon', ' Saranya Ponvannan']","['Hindi', 'Tamil']",138,https://www.imdb.com/title/tt1385824/
Despicable Me,7.6,2010,"['Steve Carell', ' Jason Segel', ' Russell Brand', ' Julie Andrews']",['English'],95,https://www.imdb.com/title/tt1323594/
Phas Gaye Re Obama,7.5,2010,"['Rajat Kapoor', ' Neha Dhupia', ' Sanjay Mishra', ' Manu Rishi Chadha']",['Hindi'],108,https://www.imdb.com/title/tt1773015/
Kick-Ass,7.6,2010,"['Aaron TaylorJohnson', ' Nicolas Cage', ' Chloë Grace Moretz', ' Garrett M Brown']",['English'],117,https://www.imdb.com/title/tt1250777/
Yongseoneun eupda,7.5,2010,"['Sol Kyunggu', ' Ryoo Seungbum', ' Hyejin Han', ' Jiru Sung']",['Korean'],123,https://www.imdb.com/title/tt1662557/
O chyom govoryat muzhchiny,7.5,2010,"['Leonid Barats', ' Aleksandr Demidov', ' Kamil Larin', ' Rostislav Khait']","['Russian', 'Ukrainian', 'English']",93,https://www.imdb.com/title/tt1595366/
Jin ling shi san chai,7.6,2011,"['Christian Bale', ' Ni Ni', ' Xinyi Zhang', ' Tianyuan Huang']","['English', 'Japanese', 'Mandarin', 'Shanghainese']",146,https://www.imdb.com/title/tt1410063/
United,7.4,2011,"['Dean Andrews', ' Kate Ashfield', ' Natalie Burt', ' David Calder']","['English', 'German']",94,https://www.imdb.com/title/tt1777034/
50/50,7.6,2011,"['Joseph GordonLevitt', ' Seth Rogen', ' Anna Kendrick', ' Bryce Dallas Howard']",['English'],100,https://www.imdb.com/title/tt1306980/
Tyrannosaur,7.6,2011,"['Peter Mullan', ' Archie Lal', ' Jag Sanghera', ' Mike Fearnley']",['English'],92,https://www.imdb.com/title/tt1204340/
Moneyball,7.6,2011,"['Brad Pitt', ' Robin Wright', ' Jonah Hill', ' Philip Seymour Hoffman']",['English'],133,https://www.imdb.com/title/tt1210166/
Wreck-It Ralph,7.7,2012,"['John C Reilly', ' Jack McBrayer', ' Jane Lynch', ' Sarah Silverman']",['English'],101,https://www.imdb.com/title/tt1772341/
Le prénom,7.3,2012,"['Patrick Bruel', ' Valérie Benguigui', ' Charles Berling', ' Guillaume de Tonquédec']",['French'],109,https://www.imdb.com/title/tt2179121/
Frances Ha,7.5,2012,"['Greta Gerwig', ' Mickey Sumner', ' Adam Driver', ' Michael Zegen']","['English', 'French']",86,https://www.imdb.com/title/tt2347569/
El cuerpo,7.6,2012,"['Jose Coronado', ' Hugo Silva', ' Belén Rueda', ' Aura Garrido']",['Spanish'],112,https://www.imdb.com/title/tt1937149/
Treto poluvreme,7.7,2012,"['Katarina Ivanovska', ' Sasko Kocev', ' Richard Sammel', ' Rade Serbedzija']","['Macedonian', 'German', 'Ladino', 'Bulgarian', 'English', 'Serbian', 'Spanish']",113,https://www.imdb.com/title/tt2069100/
Frozen,7.4,2013,"['Kristen Bell', ' Idina Menzel', ' Jonathan Groff', ' Josh Gad']","['English', 'Norwegian']",102,https://www.imdb.com/title/tt2294629/
7-beon-bang-ui seon-mul,8.2,2013,"['Seungryong Ryu', ' So Won Kal', ' Dalsu Oh', ' Mansik Jeong']",['Korean'],127,https://www.imdb.com/title/tt2659414/
The Lunchbox,7.8,2013,"['Irrfan Khan', ' Nimrat Kaur', ' Nawazuddin Siddiqui', ' Lillete Dubey']",['Hindi'],104,https://www.imdb.com/title/tt2350496/
Pozitia copilului,7.4,2013,"['Luminita Gheorghiu', ' Bogdan Dumitrache', ' Natasa Raab', ' Ilinca Goia']",['Romanian'],112,https://www.imdb.com/title/tt2187115/
Bhaag Milkha Bhaag,8.2,2013,"['Farhan Akhtar', ' Sonam Kapoor', ' Pawan Malhotra', ' Art Malik']",['Hindi'],186,https://www.imdb.com/title/tt2356180/
Chef,7.3,2014,"['Jon Favreau', ' Robert Downey Jr', ' Scarlett Johansson', ' Dustin Hoffman']","['English', 'Spanish']",114,https://www.imdb.com/title/tt2883512/
The Blue Elephant,8.1,2014,"['Karim Abdel Aziz', ' Khaled ElSawi', ' Nelly Karim', ' Muhammad Mamdooh']",['Arabic'],170,https://www.imdb.com/title/tt3461252/
Song of the Sea,8.1,2014,"['David Rawle', ' Brendan Gleeson', ' Lisa Hannigan', ' Fionnula Flanagan']","['English', 'Irish Gaelic']",93,https://www.imdb.com/title/tt1865505/
Pek Yakinda,7.4,2014,"['Cem Yilmaz', ' Tülin Özen', ' Zafer Algöz', ' Özkan Ugur']",['Turkish'],134,https://www.imdb.com/title/tt3698408/
The Hundred-Foot Journey,7.3,2014,"['Helen Mirren', ' Om Puri', ' Manish Dayal', ' Charlotte Le Bon']","['English', 'Hindi', 'French']",122,https://www.imdb.com/title/tt2980648/
Sicario,7.6,2015,"['Emily Blunt', ' Josh Brolin', ' Benicio Del Toro', ' Jon Bernthal']","['English', 'Spanish']",121,https://www.imdb.com/title/tt3397884/
"Liza, a rókatündér",7.6,2015,"['Mónika Balsai', ' Szabolcs Bede Fazekas', ' David Sakurai', ' Zoltán Schmied']","['Hungarian', 'Japanese']",98,https://www.imdb.com/title/tt2210769/
Mucize,7.6,2015,"['Mahsun Kirmizigül', ' Senay Gürler', ' Talat Bulut', ' Mert Turak']",['Turkish'],136,https://www.imdb.com/title/tt3138782/
Binnenstebuiten,8.1,2015,"['Amy Poehler', ' Bill Hader', ' Lewis Black', ' Mindy Kaling']","['English', 'Portuguese']",95,https://www.imdb.com/title/tt2096673/
The Man from U.N.C.L.E.,7.3,2015,"['Henry Cavill', ' Armie Hammer', ' Alicia Vikander', ' Elizabeth Debicki']","['English', 'Russian', 'German', 'Italian']",116,https://www.imdb.com/title/tt1638355/
M.S. Dhoni: The Untold Story,7.9,2016,"['Sushant Singh Rajput', ' Kiara Advani', ' Anupam Kher', ' Disha Patani']",['Hindi'],184,https://www.imdb.com/title/tt4169250/
Arrival,7.9,2016,"['Amy Adams', ' Jeremy Renner', ' Forest Whitaker', ' Michael Stuhlbarg']","['English', 'Russian', 'Mandarin']",116,https://www.imdb.com/title/tt2543164/
Perfetti sconosciuti,7.8,2016,"['Giuseppe Battiston', ' Anna Foglietta', ' Marco Giallini', ' Edoardo Leo']",['Italian'],96,https://www.imdb.com/title/tt4901306/
Airlift,8.0,2016,"['Akshay Kumar', ' Nimrat Kaur', ' Kumud Mishra', ' Prakash Belawadi']",['Hindi'],130,https://www.imdb.com/title/tt4387040/
Zootropolis,8.0,2016,"['Ginnifer Goodwin', ' Jason Bateman', ' Idris Elba', ' Jenny Slate']",['English'],108,https://www.imdb.com/title/tt2948356/
Chalard games goeng,7.6,2017,"['Chutimon Chuengcharoensukying', ' Eisaya Hosuwan', ' Teeradon Supapunpinyo', ' Chanon Santinatornkul']","['Thai', 'English']",130,https://www.imdb.com/title/tt6788942/
Taeksi woonjunsa,7.9,2017,"['Kangho Song', ' Thomas Kretschmann', ' HaeJin Yoo', ' Ryu JunYeol']","['Korean', 'German', 'English', 'Japanese']",137,https://www.imdb.com/title/tt6878038/
Nelyubov,7.6,2017,"['Maryana Spivak', ' Aleksey Rozin', ' Matvey Novikov', ' Marina Vasileva']","['Russian', 'Portuguese', 'Uzbek']",127,https://www.imdb.com/title/tt6304162/
Call Me by Your Name,7.9,2017,"['Armie Hammer', ' Timothée Chalamet', ' Michael Stuhlbarg', ' Amira Casar']","['English', 'Italian', 'French', 'German', 'Hebrew']",132,https://www.imdb.com/title/tt5726616/
The Florida Project,7.6,2017,"['Brooklynn Prince', ' Bria Vinaite', ' Willem Dafoe', ' Christopher Rivera']","['English', 'Spanish', 'Portuguese']",111,https://www.imdb.com/title/tt5649144/
96,8.6,2018,"['Vijay Sethupathi', ' Adithya Bhaskar', ' Trisha Krishnan', ' Gouri Kishan']",['Tamil'],158,https://www.imdb.com/title/tt7019842/
Ratsasan,8.4,2018,"['Vishnu Vishal', ' Amala Paul', ' Radha Ravi', ' Sangili Murugan']",['Tamil'],170,https://www.imdb.com/title/tt7060344/
Rangasthalam,8.4,2018,"['Ram Charan', ' Samantha Ruth Prabhu', ' Aadhi', ' Jagapathi Babu']",['Telugu'],170,https://www.imdb.com/title/tt7392212/
Avengers: Infinity War,8.4,2018,"['Robert Downey Jr', ' Chris Hemsworth', ' Mark Ruffalo', ' Chris Evans']",['English'],149,https://www.imdb.com/title/tt4154756/
Capharnaüm,8.4,2018,"['Zain Al Rafeea', ' Yordanos Shiferaw', ' Boluwatife Treasure Bankole', ' Kawsar Al Haddad']","['Arabic', 'Amharic']",126,https://www.imdb.com/title/tt8267604/
How to Train Your Dragon: The Hidden World,7.5,2019,"['Jay Baruchel', ' America Ferrera', ' F Murray Abraham', ' Cate Blanchett']",['English'],104,https://www.imdb.com/title/tt2386490/
Avengers: Endgame,8.4,2019,"['Robert Downey Jr', ' Chris Evans', ' Mark Ruffalo', ' Chris Hemsworth']","['English', 'Japanese', 'Xhosa', 'German']",181,https://www.imdb.com/title/tt4154796/
Richard Jewell,7.5,2019,"['Paul Walter Hauser', ' Sam Rockwell', ' Brandon Stanley', ' Ryan Boz']",['English'],131,https://www.imdb.com/title/tt3513548/
The Gentlemen,7.8,2019,"['Matthew McConaughey', ' Charlie Hunnam', ' Michelle Dockery', ' Jeremy Strong']","['English', 'Russian', 'Spanish', 'Chinese']",113,https://www.imdb.com/title/tt8367814/
Badla,7.8,2019,"['Amitabh Bachchan', ' Taapsee Pannu', ' Amrita Singh', ' Antonio Aakeel']",['Hindi'],118,https://www.imdb.com/title/tt8130968/
