title,year,rating,actors,duration,url
Animal Crackers,1930,7.5,"['Groucho Marx', ' Harpo Marx', ' Chico Marx', ' The Marx Brothers']",97,https://www.imdb.com/title/tt0020640/
Hell's Angels,1930,7.3,"['Ben Lyon', ' James Hall', ' Jean Harlow', ' John Darrow']",127,https://www.imdb.com/title/tt0020960/
Zemlya,1930,7.3,"['Stepan Shkurat', ' Semyon Svashenko', ' Yuliya Solntseva', ' Yelena Maksimova']",75,https://www.imdb.com/title/tt0021571/
L'âge d'or,1930,7.3,"['Gaston Modot', ' Lya Lys', ' Caridad de Laberdesque', ' Max Ernst']",60,https://www.imdb.com/title/tt0021577/
All Quiet on the Western Front,1930,8.1,"['Lew Ayres', ' Louis Wolheim', ' John Wray', ' Arnold Lucy']",152,https://www.imdb.com/title/tt0020629/
City Lights,1931,8.5,"['Charles Chaplin', ' Virginia Cherrill', ' Florence Lee', ' Harry Myers']",87,https://www.imdb.com/title/tt0021749/
The Public Enemy,1931,7.6,"['James Cagney', ' Jean Harlow', ' Edward Woods', ' Joan Blondell']",83,https://www.imdb.com/title/tt0022286/
Dr. Jekyll and Mr. Hyde,1931,7.6,"['Fredric March', ' Miriam Hopkins', ' Rose Hobart', ' Holmes Herbert']",98,https://www.imdb.com/title/tt0022835/
Dracula de vampier,1931,7.5,"['Bela Lugosi', ' Helen Chandler', ' David Manners', ' Dwight Frye']",75,https://www.imdb.com/title/tt0021814/
Monkey Business,1931,7.5,"['Groucho Marx', ' Harpo Marx', ' The Marx Brothers', ' Chico Marx']",77,https://www.imdb.com/title/tt0022158/
Scarface,1932,7.8,"['Paul Muni', ' Ann Dvorak', ' Karen Morley', ' Osgood Perkins']",93,https://www.imdb.com/title/tt0023427/
Trouble in Paradise (De firma Adam & Eva),1932,8.0,"['Miriam Hopkins', ' Kay Francis', ' Herbert Marshall', ' Charles Ruggles']",83,https://www.imdb.com/title/tt0023622/
Otona no miru ehon - Umarete wa mita keredo,1932,8.0,"['Tatsuo Saitô', ' Tomio Aoki', ' Mitsuko Yoshikawa', ' Hideo Sugawara']",100,https://www.imdb.com/title/tt0023634/
Ik ben een vluchteling,1932,8.2,"['Paul Muni', ' Glenda Farrell', ' Helen Vinson', ' Noel Francis']",92,https://www.imdb.com/title/tt0023042/
Island of Lost Souls,1932,7.4,"['Charles Laughton', ' Bela Lugosi', ' Richard Arlen', ' Leila Hyams']",70,https://www.imdb.com/title/tt0024188/
De onzichtbare man,1933,7.7,"['Claude Rains', ' Gloria Stuart', ' William Harrigan', ' Henry Travers']",71,https://www.imdb.com/title/tt0024184/
Das Testament des Dr. Mabuse,1933,8.0,"['Rudolf KleinRogge', ' Otto Wernicke', ' Thomy Bourdelle', ' Gustav Diessl']",122,https://www.imdb.com/title/tt0023563/
Liefde en-gros,1933,7.5,"['Fredric March', ' Gary Cooper', ' Miriam Hopkins', ' Edward Everett Horton']",91,https://www.imdb.com/title/tt0023940/
Gold Diggers of 1933,1933,7.7,"['Warren William', ' Joan Blondell', ' Aline MacMahon', ' Ruby Keeler']",97,https://www.imdb.com/title/tt0024069/
Baby Face,1933,7.6,"['Barbara Stanwyck', ' George Brent', ' Donald Cook', ' Alphonse Ethier']",71,https://www.imdb.com/title/tt0023775/
Twentieth Century,1934,7.4,"['John Barrymore', ' Carole Lombard', ' Walter Connolly', ' Roscoe Karns']",91,https://www.imdb.com/title/tt0025919/
Het gebeurde op 'n avond,1934,8.1,"['Clark Gable', ' Claudette Colbert', ' Walter Connolly', ' Roscoe Karns']",105,https://www.imdb.com/title/tt0025316/
The Thin Man,1934,8.0,"['William Powell', ' Myrna Loy', ' Maureen OSullivan', ' Nat Pendleton']",91,https://www.imdb.com/title/tt0025878/
The Gay Divorcee,1934,7.5,"['Fred Astaire', ' Ginger Rogers', ' Alice Brady', ' Edward Everett Horton']",107,https://www.imdb.com/title/tt0025164/
L'Atalante,1934,7.8,"['Dita Parlo', ' Jean Dasté', ' Gilles Margaritis', ' Louis Lefebvre']",89,https://www.imdb.com/title/tt0024844/
The Informer,1935,7.4,"['Victor McLaglen', ' Heather Angel', ' Preston Foster', ' Margot Grahame']",91,https://www.imdb.com/title/tt0026529/
Kapitein Blood,1935,7.7,"['Errol Flynn', ' Olivia de Havilland', ' Lionel Atwill', ' Basil Rathbone']",119,https://www.imdb.com/title/tt0026174/
Bride of Frankenstein,1935,7.8,"['Boris Karloff', ' Elsa Lanchester', ' Colin Clive', ' Valerie Hobson']",75,https://www.imdb.com/title/tt0026138/
Het complot der 39 stappen,1935,7.6,"['Robert Donat', ' Madeleine Carroll', ' Lucie Mannheim', ' Godfrey Tearle']",86,https://www.imdb.com/title/tt0026029/
A Night at the Opera,1935,7.9,"['Groucho Marx', ' Chico Marx', ' Harpo Marx', ' Kitty Carlisle']",96,https://www.imdb.com/title/tt0026778/
Dodsworth,1936,7.8,"['Walter Huston', ' Ruth Chatterton', ' Paul Lukas', ' Mary Astor']",101,https://www.imdb.com/title/tt0027532/
Vlammende harten,1936,7.6,"['Leslie Howard', ' Humphrey Bogart', ' Bette Davis', ' Genevieve Tobin']",82,https://www.imdb.com/title/tt0028096/
De danskoning,1936,7.6,"['Fred Astaire', ' Ginger Rogers', ' Victor Moore', ' Helen Broderick']",103,https://www.imdb.com/title/tt0028333/
Mr. Deeds Goes to Town,1936,7.9,"['Gary Cooper', ' Jean Arthur', ' George Bancroft', ' Lionel Stander']",115,https://www.imdb.com/title/tt0027996/
Fury,1936,7.9,"['Sylvia Sidney', ' Spencer Tracy', ' Walter Abel', ' Bruce Cabot']",92,https://www.imdb.com/title/tt0027652/
Stage Door,1937,7.8,"['Katharine Hepburn', ' Ginger Rogers', ' Adolphe Menjou', ' Gail Patrick']",92,https://www.imdb.com/title/tt0029604/
Lost Horizon,1937,7.7,"['Ronald Colman', ' Jane Wyatt', ' Edward Everett Horton', ' John Howard']",132,https://www.imdb.com/title/tt0029162/
Dead End,1937,7.3,"['Sylvia Sidney', ' Joel McCrea', ' Humphrey Bogart', ' Wendy Barrie']",93,https://www.imdb.com/title/tt0028773/
De stormduivels,1937,8.0,"['Spencer Tracy', ' Freddie Bartholomew', ' Lionel Barrymore', ' Melvyn Douglas']",117,https://www.imdb.com/title/tt0028691/
Die verduivelde waarheid,1937,7.7,"['Irene Dunne', ' Cary Grant', ' Ralph Bellamy', ' Alexander DArcy']",90,https://www.imdb.com/title/tt0028597/
The Adventures of Robin Hood,1938,7.9,"['Errol Flynn', ' Olivia de Havilland', ' Basil Rathbone', ' Claude Rains']",102,https://www.imdb.com/title/tt0029843/
Het dierlijke in de mens,1938,7.6,"['Jean Gabin', ' Julien Carette', ' Simone Simon', ' Fernand Ledoux']",100,https://www.imdb.com/title/tt0029957/
Engelen met smerige gezichten,1938,7.9,"['James Cagney', ' Pat OBrien', ' Humphrey Bogart', ' Ann Sheridan']",97,https://www.imdb.com/title/tt0029870/
Bringing Up Baby,1938,7.9,"['Katharine Hepburn', ' Cary Grant', ' Charles Ruggles', ' Walter Catlett']",102,https://www.imdb.com/title/tt0029947/
You Can't Take It with You,1938,7.9,"['Jean Arthur', ' James Stewart', ' Lionel Barrymore', ' Edward Arnold']",126,https://www.imdb.com/title/tt0030993/
De hond van de Baskervilles,1939,7.5,"['Basil Rathbone', ' Nigel Bruce', ' Richard Greene', ' Wendy Barrie']",80,https://www.imdb.com/title/tt0031448/
Gunga Din,1939,7.3,"['Cary Grant', ' Joan Fontaine', ' Victor McLaglen', ' Douglas Fairbanks Jr']",117,https://www.imdb.com/title/tt0031398/
Stagecoach,1939,7.9,"['John Wayne', ' Claire Trevor', ' Andy Devine', ' John Carradine']",96,https://www.imdb.com/title/tt0031971/
Schaduwen uit het verleden,1939,7.9,"['James Cagney', ' Humphrey Bogart', ' Priscilla Lane', ' Gladys George']",106,https://www.imdb.com/title/tt0031867/
Of Mice and Men,1939,7.9,"['Lon Chaney Jr', ' Burgess Meredith', ' Betty Field', ' Charles Bickford']",106,https://www.imdb.com/title/tt0031742/
Waterloo Bridge,1940,7.8,"['Vivien Leigh', ' Robert Taylor', ' Lucile Watson', ' Virginia Field']",108,https://www.imdb.com/title/tt0033238/
De bronzen godin,1940,7.9,"['Cary Grant', ' Katharine Hepburn', ' James Stewart', ' Ruth Hussey']",112,https://www.imdb.com/title/tt0032904/
Zeehavik,1940,7.7,"['Errol Flynn', ' Brenda Marshall', ' Claude Rains', ' Donald Crisp']",127,https://www.imdb.com/title/tt0033028/
Fantasia,1940,7.7,"['Leopold Stokowski', ' Deems Taylor', ' The Philadelphia Orchestra', ' Corey Burton']",125,https://www.imdb.com/title/tt0032455/
Tweestrijd der gevoelens,1940,7.4,"['Greer Garson', ' Laurence Olivier', ' Mary Boland', ' Edna May Oliver']",118,https://www.imdb.com/title/tt0032943/
Here Comes Mr. Jordan,1941,7.6,"['Robert Montgomery', ' Claude Rains', ' Evelyn Keyes', ' Rita Johnson']",94,https://www.imdb.com/title/tt0033712/
Argwaan,1941,7.4,"['Cary Grant', ' Joan Fontaine', ' Cedric Hardwicke', ' Nigel Bruce']",99,https://www.imdb.com/title/tt0034248/
"John Doe, de man die het meende",1941,7.6,"['Gary Cooper', ' Barbara Stanwyck', ' Edward Arnold', ' Walter Brennan']",135,https://www.imdb.com/title/tt0033891/
How Green Was My Valley,1941,7.7,"['Walter Pidgeon', ' Maureen OHara', ' Anna Lee', ' Donald Crisp']",118,https://www.imdb.com/title/tt0033729/
Acht professoren en een meisje,1941,7.8,"['Gary Cooper', ' Barbara Stanwyck', ' Oskar Homolka', ' Henry Travers']",111,https://www.imdb.com/title/tt0033373/
Spionnage in het spel,1942,8.2,"['Carole Lombard', ' Jack Benny', ' Robert Stack', ' Felix Bressart']",99,https://www.imdb.com/title/tt0035446/
Gevangenen van 't verleden,1942,8.0,"['Ronald Colman', ' Greer Garson', ' Philip Dorn', ' Susan Peters']",126,https://www.imdb.com/title/tt0035238/
"Now, Voyager",1942,7.9,"['Bette Davis', ' Paul Henreid', ' Claude Rains', ' Gladys Cooper']",117,https://www.imdb.com/title/tt0035140/
Het gesprek van de stad,1942,7.5,"['Cary Grant', ' Jean Arthur', ' Ronald Colman', ' Edgar Buchanan']",118,https://www.imdb.com/title/tt0035417/
The Palm Beach Story,1942,7.5,"['Claudette Colbert', ' Joel McCrea', ' Mary Astor', ' Rudy Vallee']",88,https://www.imdb.com/title/tt0035169/
Shadow of a Doubt,1943,7.8,"['Teresa Wright', ' Joseph Cotten', ' Macdonald Carey', ' Henry Travers']",108,https://www.imdb.com/title/tt0036342/
Arsenicum en oude kant,1943,8.0,"['Cary Grant', ' Priscilla Lane', ' Raymond Massey', ' Jack Carson']",118,https://www.imdb.com/title/tt0036613/
The Miracle of Morgan's Creek,1943,7.6,"['Eddie Bracken', ' Betty Hutton', ' Diana Lynn', ' William Demarest']",98,https://www.imdb.com/title/tt0037077/
Jane Eyre,1943,7.5,"['Orson Welles', ' Joan Fontaine', ' Margaret OBrien', ' Peggy Ann Garner']",97,https://www.imdb.com/title/tt0036969/
Hoe meer hoe liever,1943,7.7,"['Jean Arthur', ' Joel McCrea', ' Charles Coburn', ' Richard Gaines']",104,https://www.imdb.com/title/tt0036172/
Moord onder vier ogen,1944,7.6,"['Dick Powell', ' Claire Trevor', ' Anne Shirley', ' Otto Kruger']",95,https://www.imdb.com/title/tt0037101/
The Thin Man Goes Home,1944,7.4,"['William Powell', ' Myrna Loy', ' Lucile Watson', ' Gloria DeHaven']",100,https://www.imdb.com/title/tt0037365/
Gaslight,1944,7.8,"['Charles Boyer', ' Ingrid Bergman', ' Joseph Cotten', ' May Whitty']",114,https://www.imdb.com/title/tt0036855/
Avontuur op Martinique,1944,7.8,"['Humphrey Bogart', ' Lauren Bacall', ' Walter Brennan', ' Dolores Moran']",100,https://www.imdb.com/title/tt0037382/
Ivan Groznyy,1944,7.8,"['Nikolay Cherkasov', ' Lyudmila Tselikovskaya', ' Serafima Birman', ' Mikhail Nazvanov']",103,https://www.imdb.com/title/tt0037824/
Christmas in Connecticut,1945,7.4,"['Barbara Stanwyck', ' Dennis Morgan', ' Sydney Greenstreet', ' Reginald Gardiner']",101,https://www.imdb.com/title/tt0037595/
Roma città aperta,1945,8.1,"['Anna Magnani', ' Aldo Fabrizi', ' Marcello Pagliero', ' Vito Annichiarico']",103,https://www.imdb.com/title/tt0038890/
Dead of Night,1945,7.6,"['Mervyn Johns', ' Michael Redgrave', ' Roland Culver', ' Mary Merrall']",103,https://www.imdb.com/title/tt0037635/
Leave Her to Heaven,1945,7.6,"['Gene Tierney', ' Cornel Wilde', ' Jeanne Crain', ' Vincent Price']",110,https://www.imdb.com/title/tt0037865/
And Then There Were None,1945,7.5,"['Barry Fitzgerald', ' Walter Huston', ' Louis Hayward', ' Roland Young']",97,https://www.imdb.com/title/tt0037515/
La belle et la bête,1946,7.9,"['Jean Marais', ' Josette Day', ' Mila Parély', ' Nane Germon']",96,https://www.imdb.com/title/tt0038348/
Notorious,1946,8.0,"['Cary Grant', ' Ingrid Bergman', ' Claude Rains', ' Louis Calhern']",102,https://www.imdb.com/title/tt0038787/
De schoenpoetsertjes,1946,8.0,"['Rinaldo Smordoni', ' Franco Interlenghi', ' Annielo Mele', ' Bruno Ortensi']",87,https://www.imdb.com/title/tt0038913/
The Strange Love of Martha Ivers,1946,7.4,"['Barbara Stanwyck', ' Van Heflin', ' Lizabeth Scott', ' Kirk Douglas']",116,https://www.imdb.com/title/tt0038988/
Paisà,1946,7.7,"['Carmela Sazio', ' Gar Moore', ' William Tubbs', ' Robert Van Loon']",126,https://www.imdb.com/title/tt0038823/
The Lady from Shanghai,1947,7.6,"['Rita Hayworth', ' Orson Welles', ' Everett Sloane', ' Glenn Anders']",87,https://www.imdb.com/title/tt0040525/
The Bishop's Wife,1947,7.6,"['Cary Grant', ' Loretta Young', ' David Niven', ' Monty Woolley']",109,https://www.imdb.com/title/tt0039190/
Wet zonder recht,1947,7.6,"['Burt Lancaster', ' Hume Cronyn', ' Charles Bickford', ' Yvonne De Carlo']",98,https://www.imdb.com/title/tt0039224/
De straat der verloren zielen,1947,7.8,"['Tyrone Power', ' Joan Blondell', ' Coleen Gray', ' Helen Walker']",110,https://www.imdb.com/title/tt0039661/
Miracle on 34th Street,1947,7.9,"['Edmund Gwenn', ' Maureen OHara', ' John Payne', ' Gene Lockhart']",96,https://www.imdb.com/title/tt0039628/
The Red Shoes,1948,8.1,"['Anton Walbrook', ' Marius Goring', ' Moira Shearer', ' Robert Helpmann']",135,https://www.imdb.com/title/tt0040725/
I Remember Mama,1948,7.9,"['Irene Dunne', ' Barbara Bel Geddes', ' Oskar Homolka', ' Philip Dorn']",134,https://www.imdb.com/title/tt0040458/
Ladri di biciclette,1948,8.3,"['Lamberto Maggiorani', ' Enzo Staiola', ' Lianella Carell', ' Elena Altieri']",89,https://www.imdb.com/title/tt0040522/
The Treasure of the Sierra Madre,1948,8.2,"['Humphrey Bogart', ' Walter Huston', ' Tim Holt', ' Bruce Bennett']",126,https://www.imdb.com/title/tt0040897/
Rope,1948,8.0,"['James Stewart', ' John Dall', ' Farley Granger', ' Dick Hogan']",80,https://www.imdb.com/title/tt0040746/
Little Women,1949,7.3,"['June Allyson', ' Peter Lawford', ' Margaret OBrien', ' Elizabeth Taylor']",122,https://www.imdb.com/title/tt0041594/
De heldhaftige stormloop,1949,7.3,"['John Wayne', ' Joanne Dru', ' John Agar', ' Ben Johnson']",104,https://www.imdb.com/title/tt0041866/
Kind Hearts and Coronets,1949,8.0,"['Dennis Price', ' Alec Guinness', ' Valerie Hobson', ' Joan Greenwood']",106,https://www.imdb.com/title/tt0041546/
Het is feest vandaag,1949,7.3,"['Jacques Tati', ' Guy Decomble', ' Paul Frankeur', ' Santa Relli']",70,https://www.imdb.com/title/tt0040497/
Adam's Rib,1949,7.5,"['Spencer Tracy', ' Katharine Hepburn', ' Judy Holliday', ' Tom Ewell']",101,https://www.imdb.com/title/tt0041090/
Geschonden glorie,1950,7.7,"['Gregory Peck', ' Helen Westcott', ' Millard Mitchell', ' Jean Parker']",85,https://www.imdb.com/title/tt0042531/
Paniek op straat,1950,7.3,"['Richard Widmark', ' Paul Douglas', ' Barbara Bel Geddes', ' Jack Palance']",96,https://www.imdb.com/title/tt0042832/
Born Yesterday,1950,7.6,"['Judy Holliday', ' William Holden', ' Broderick Crawford', ' Howard St John']",103,https://www.imdb.com/title/tt0042276/
Winchester '73,1950,7.6,"['James Stewart', ' Shelley Winters', ' Dan Duryea', ' Stephen McNally']",92,https://www.imdb.com/title/tt0043137/
Gun Crazy,1950,7.6,"['John Dall', ' Peggy Cummins', ' Berry Kroeger', ' Morris Carnovsky']",87,https://www.imdb.com/title/tt0042530/
Toen stond de aarde stil,1951,7.7,"['Michael Rennie', ' Patricia Neal', ' Hugh Marlowe', ' Sam Jaffe']",92,https://www.imdb.com/title/tt0043456/
Sommarlek,1951,7.5,"['MajBritt Nilsson', ' Birger Malmsten', ' Alf Kjellin', ' Annalisa Ericson']",96,https://www.imdb.com/title/tt0044060/
The River,1951,7.5,"['Patricia Walters', ' Nora Swinburne', ' Esmond Knight', ' Arthur Shields']",99,https://www.imdb.com/title/tt0043972/
The African Queen,1951,7.8,"['Humphrey Bogart', ' Katharine Hepburn', ' Robert Morley', ' Peter Bull']",105,https://www.imdb.com/title/tt0043265/
People Will Talk,1951,7.4,"['Cary Grant', ' Jeanne Crain', ' Finlay Currie', ' Hume Cronyn']",110,https://www.imdb.com/title/tt0043915/
Singin' in the Rain,1952,8.3,"['Gene Kelly', ' Donald OConnor', ' Debbie Reynolds', ' Jean Hagen']",103,https://www.imdb.com/title/tt0045152/
In de greep van de angst,1952,7.5,"['Joan Crawford', ' Jack Palance', ' Gloria Grahame', ' Bruce Bennett']",110,https://www.imdb.com/title/tt0045205/
Klokslag 12,1952,8.0,"['Gary Cooper', ' Grace Kelly', ' Thomas Mitchell', ' Lloyd Bridges']",85,https://www.imdb.com/title/tt0044706/
De laatste grens,1952,7.3,"['James Stewart', ' Rock Hudson', ' Arthur Kennedy', ' Julie Adams']",91,https://www.imdb.com/title/tt0044413/
The Crimson Pirate,1952,7.3,"['Burt Lancaster', ' Nick Cravat', ' Eva Bartok', ' Torin Thatcher']",105,https://www.imdb.com/title/tt0044517/
Tôkyô monogatari,1953,8.2,"['Chishû Ryû', ' Chieko Higashiyama', ' Sô Yamamura', ' Setsuko Hara']",136,https://www.imdb.com/title/tt0046438/
The Band Wagon,1953,7.5,"['Fred Astaire', ' Cyd Charisse', ' Oscar Levant', ' Nanette Fabray']",112,https://www.imdb.com/title/tt0045537/
Ik beken,1953,7.3,"['Montgomery Clift', ' Anne Baxter', ' Karl Malden', ' Brian Aherne']",95,https://www.imdb.com/title/tt0045897/
I vitelloni,1953,7.9,"['Alberto Sordi', ' Franco Fabrizi', ' Franco Interlenghi', ' Leopoldo Trieste']",109,https://www.imdb.com/title/tt0046521/
Tot het bittere einde,1953,7.9,"['Glenn Ford', ' Gloria Grahame', ' Jocelyn Brando', ' Alexander Scourby']",89,https://www.imdb.com/title/tt0045555/
Muiterij op de Caine,1954,7.7,"['Humphrey Bogart', ' José Ferrer', ' Van Johnson', ' Fred MacMurray']",124,https://www.imdb.com/title/tt0046816/
De onderwereld van Montmartre,1954,7.8,"['Jean Gabin', ' René Dary', ' Dora Doll', ' Vittorio Sanipoli']",94,https://www.imdb.com/title/tt0046451/
On the Waterfront,1954,8.1,"['Marlon Brando', ' Karl Malden', ' Lee J Cobb', ' Rod Steiger']",108,https://www.imdb.com/title/tt0047296/
Seven Brides for Seven Brothers,1954,7.4,"['Jane Powell', ' Howard Keel', ' Jeff Richards', ' Russ Tamblyn']",102,https://www.imdb.com/title/tt0047472/
La Strada,1954,8.0,"['Anthony Quinn', ' Giulietta Masina', ' Richard Basehart', ' Aldo Silvani']",108,https://www.imdb.com/title/tt0047528/
Het duivelscomplot,1955,7.4,"['Cornel Wilde', ' Richard Conte', ' Jean Wallace', ' Brian Donlevy']",87,https://www.imdb.com/title/tt0047878/
Blackboard Jungle,1955,7.4,"['Glenn Ford', ' Anne Francis', ' Louis Calhern', ' Margaret Hayes']",101,https://www.imdb.com/title/tt0047885/
The Dam Busters,1955,7.4,"['Richard Todd', ' Michael Redgrave', ' Ursula Jeans', ' Basil Sydney']",124,https://www.imdb.com/title/tt0046889/
Tuntematon sotilas,1955,8.0,"['Kosti Klemelä', ' Heikki Savolainen', ' Reino Tolvanen', ' Veikko Sinisalo']",177,https://www.imdb.com/title/tt0048752/
Pather Panchali,1955,8.5,"['Kanu Bannerjee', ' Karuna Bannerjee', ' Subir Banerjee', ' Chunibala Devi']",125,https://www.imdb.com/title/tt0048473/
Biruma no tategoto,1956,8.1,"['Rentarô Mikuni', ' Shôji Yasui', ' Tatsuya Mihashi', ' Jun Hamamura']",116,https://www.imdb.com/title/tt0049012/
Moby Dick,1956,7.3,"['Gregory Peck', ' Richard Basehart', ' Leo Genn', ' James Robertson Justice']",116,https://www.imdb.com/title/tt0049513/
Val aan,1956,7.4,"['Jack Palance', ' Lee Marvin', ' Eddie Albert', ' Robert Strauss']",107,https://www.imdb.com/title/tt0048966/
The Wrong Man,1956,7.4,"['Henry Fonda', ' Vera Miles', ' Anthony Quayle', ' Harold J Stone']",105,https://www.imdb.com/title/tt0051207/
The Man Who Knew Too Much,1956,7.4,"['James Stewart', ' Doris Day', ' Brenda de Banzie', ' Bernard Miles']",120,https://www.imdb.com/title/tt0049470/
Zij hielden van het leven,1957,7.9,"['Teresa Izewska', ' Tadeusz Janczar', ' Wienczyslaw Glinski', ' Tadeusz Gwiazdowski']",91,https://www.imdb.com/title/tt0050585/
Le notti bianche,1957,7.8,"['Maria Schell', ' Marcello Mastroianni', ' Jean Marais', ' Marcella Rovena']",102,https://www.imdb.com/title/tt0050782/
A Face in the Crowd,1957,8.2,"['Andy Griffith', ' Patricia Neal', ' Anthony Franciosa', ' Walter Matthau']",126,https://www.imdb.com/title/tt0050371/
Pyaasa,1957,8.5,"['Guru Dutt', ' Waheeda Rehman', ' Mala Sinha', ' Rehman']",146,https://www.imdb.com/title/tt0050870/
Witness for the Prosecution,1957,8.4,"['Tyrone Power', ' Marlene Dietrich', ' Charles Laughton', ' Elsa Lanchester']",116,https://www.imdb.com/title/tt0051201/
Ansiktet,1958,7.7,"['Max von Sydow', ' Ingrid Thulin', ' Gunnar Björnstrand', ' Naima Wifstrand']",101,https://www.imdb.com/title/tt0051365/
Mon oncle,1958,7.8,"['Jacques Tati', ' JeanPierre Zola', ' Adrienne Servantie', ' Lucien Frégis']",116,https://www.imdb.com/title/tt0050706/
Kakushi-toride no san-akunin,1958,8.1,"['Toshirô Mifune', ' Misa Uehara', ' Minoru Chiaki', ' Kamatari Fujiwara']",139,https://www.imdb.com/title/tt0051808/
Ice Cold in Alex,1958,7.8,"['John Mills', ' Anthony Quayle', ' Sylvia Syms', ' Harry Andrews']",130,https://www.imdb.com/title/tt0053935/
Ivan Groznyy. Skaz vtoroy: Boyarskiy zagovor,1958,7.9,"['Nikolay Cherkasov', ' Serafima Birman', ' Pavel Kadochnikov', ' Mikhail Zharov']",88,https://www.imdb.com/title/tt0051790/
Some Like It Hot,1959,8.2,"['Marilyn Monroe', ' Tony Curtis', ' Jack Lemmon', ' George Raft']",121,https://www.imdb.com/title/tt0053291/
Les quatre cents coups,1959,8.1,"['JeanPierre Léaud', ' Albert Rémy', ' Claire Maurier', ' Guy Decomble']",99,https://www.imdb.com/title/tt0053198/
Apur Sansar,1959,8.5,"['Soumitra Chatterjee', ' Sharmila Tagore', ' Alok Chakravarty', ' Swapan Mukherjee']",105,https://www.imdb.com/title/tt0052572/
Ningen no jôken,1959,8.5,"['Tatsuya Nakadai', ' Michiyo Aratama', ' Kokinji Katsura', ' Jun Tatara']",181,https://www.imdb.com/title/tt0053115/
Ningen no jôken,1959,8.6,"['Tatsuya Nakadai', ' Michiyo Aratama', ' Chikage Awashima', ' Ineko Arima']",208,https://www.imdb.com/title/tt0053114/
Inherit the Wind,1960,8.1,"['Spencer Tracy', ' Fredric March', ' Gene Kelly', ' Dick York']",128,https://www.imdb.com/title/tt0053946/
L'avventura,1960,7.9,"['Gabriele Ferzetti', ' Monica Vitti', ' Lea Massari', ' Dominique Blanchar']",144,https://www.imdb.com/title/tt0053619/
Spartacus,1960,7.9,"['Kirk Douglas', ' Laurence Olivier', ' Jean Simmons', ' Charles Laughton']",197,https://www.imdb.com/title/tt0054331/
Hadaka no shima,1960,8.1,"['Nobuko Otowa', ' Taiji Tonoyama', ' Shinji Tanaka', ' Masanori Horimoto']",96,https://www.imdb.com/title/tt0056049/
Plein soleil,1960,7.8,"['Alain Delon', ' Maurice Ronet', ' Marie Laforêt', ' Erno Crisa']",118,https://www.imdb.com/title/tt0054189/
Victim,1961,7.7,"['Dirk Bogarde', ' Sylvia Syms', ' Dennis Price', ' Anthony Nicholls']",90,https://www.imdb.com/title/tt0055597/
Accattone,1961,7.7,"['Franco Citti', ' Franca Pasut', ' Silvana Corsini', ' Paola Guidi']",117,https://www.imdb.com/title/tt0054599/
The Hustler,1961,8.0,"['Paul Newman', ' Jackie Gleason', ' Piper Laurie', ' George C Scott']",134,https://www.imdb.com/title/tt0054997/
Il posto,1961,8.0,"['Sandro Panseri', ' Loredana Detto', ' Corrado Aprile', ' Guido Chiti']",93,https://www.imdb.com/title/tt0055320/
Splendor in the Grass,1961,7.8,"['Natalie Wood', ' Warren Beatty', ' Pat Hingle', ' Audrey Christie']",124,https://www.imdb.com/title/tt0055471/
Sweet Bird of Youth,1962,7.3,"['Paul Newman', ' Geraldine Page', ' Shirley Knight', ' Ed Begley']",120,https://www.imdb.com/title/tt0056541/
De stem in het duister,1962,7.3,"['Glenn Ford', ' Lee Remick', ' Stefanie Powers', ' Roy Poole']",123,https://www.imdb.com/title/tt0055972/
Zatôichi monogatari,1962,7.6,"['Shintarô Katsu', ' Masayo Banri', ' Ryûzô Shimada', ' Hajime Mitamura']",96,https://www.imdb.com/title/tt0056714/
Vivre sa vie: Film en douze tableaux,1962,8.0,"['Anna Karina', ' Sady Rebbot', ' André S Labarthe', ' Guylaine Schlumberger']",80,https://www.imdb.com/title/tt0056663/
Eenzaam zijn de ontembaren,1962,7.6,"['Kirk Douglas', ' Gena Rowlands', ' Walter Matthau', ' Michael Kane']",107,https://www.imdb.com/title/tt0056195/
Hud,1963,7.8,"['Paul Newman', ' Melvyn Douglas', ' Patricia Neal', ' Brandon De Wilde']",112,https://www.imdb.com/title/tt0057163/
America America,1963,7.8,"['Stathis Giallelis', ' Frank Wolff', ' Elena Karam', ' Harry Davis']",174,https://www.imdb.com/title/tt0056825/
Les tontons flingueurs,1963,7.8,"['Lino Ventura', ' Bernard Blier', ' Francis Blanche', ' Claude Rich']",105,https://www.imdb.com/title/tt0057591/
Ieri oggi domani,1963,7.3,"['Sophia Loren', ' Marcello Mastroianni', ' Aldo Giuffrè', ' Agostino Salvietti']",117,https://www.imdb.com/title/tt0057171/
Murder at the Gallop,1963,7.3,"['Margaret Rutherford', ' Stringer Davis', ' Robert Morley', ' Flora Robson']",81,https://www.imdb.com/title/tt0057334/
Fail Safe,1964,8.0,"['Henry Fonda', ' Walter Matthau', ' Fritz Weaver', ' Dan OHerlihy']",112,https://www.imdb.com/title/tt0058083/
Onibaba,1964,8.0,"['Nobuko Otowa', ' Jitsuko Yoshimura', ' Kei Satô', ' Jûkichi Uno']",103,https://www.imdb.com/title/tt0058430/
Kaidan,1964,8.0,"['Rentarô Mikuni', ' Michiyo Aratama', ' Misako Watanabe', ' Kenjirô Ishiyama']",183,https://www.imdb.com/title/tt0058279/
De trein,1964,7.8,"['Burt Lancaster', ' Paul Scofield', ' Jeanne Moreau', ' Suzanne Flon']",133,https://www.imdb.com/title/tt0059825/
Zulu,1964,7.7,"['Stanley Baker', ' Jack Hawkins', ' Ulla Jacobsson', ' James Booth']",138,https://www.imdb.com/title/tt0058777/
Akahige,1965,8.4,"['Toshirô Mifune', ' Yûzô Kayama', ' Tsutomu Yamazaki', ' Reiko Dan']",185,https://www.imdb.com/title/tt0058888/
The Flight of the Phoenix,1965,7.5,"['James Stewart', ' Richard Attenborough', ' Peter Finch', ' Hardy Krüger']",142,https://www.imdb.com/title/tt0059183/
Guide,1965,8.4,"['Dev Anand', ' Waheeda Rehman', ' Leela Chitnis', ' Anwar Hussain']",183,https://www.imdb.com/title/tt0059246/
Doctor Zhivago,1965,8.0,"['Omar Sharif', ' Julie Christie', ' Geraldine Chaplin', ' Rod Steiger']",197,https://www.imdb.com/title/tt0059113/
A Patch of Blue,1965,8.0,"['Sidney Poitier', ' Shelley Winters', ' Elizabeth Hartman', ' Wallace Ford']",105,https://www.imdb.com/title/tt0059573/
Dai-bosatsu tôge,1966,8.0,"['Tatsuya Nakadai', ' Michiyo Aratama', ' Yûzô Kayama', ' Yôko Naitô']",120,https://www.imdb.com/title/tt0060277/
Tanin no kao,1966,8.0,"['Tatsuya Nakadai', ' Mikijirô Hira', ' Kyôko Kishida', ' Miki Irie']",122,https://www.imdb.com/title/tt0061065/
Wie is bang voor Virginia Woolf?,1966,8.0,"['Elizabeth Taylor', ' Richard Burton', ' George Segal', ' Sandy Dennis']",131,https://www.imdb.com/title/tt0061184/
Au hasard Balthazar,1966,7.9,"['Anne Wiazemsky', ' Walter Green', ' François Lafarge', ' JeanClaude Guilbert']",95,https://www.imdb.com/title/tt0060138/
Tot de laatste gangster,1966,7.9,"['Lino Ventura', ' Paul Meurisse', ' Raymond Pellegrin', ' Christine Fabréga']",150,https://www.imdb.com/title/tt0060305/
De Nacht van Inspecteur Tibbs,1967,7.9,"['Sidney Poitier', ' Rod Steiger', ' Warren Oates', ' Lee Grant']",110,https://www.imdb.com/title/tt0061811/
Playtime,1967,7.9,"['Jacques Tati', ' Barbara Dennek', ' Rita Maiden', ' France Rumilly']",155,https://www.imdb.com/title/tt0062136/
The Dirty Dozen,1967,7.7,"['Lee Marvin', ' Ernest Borgnine', ' Charles Bronson', ' John Cassavetes']",150,https://www.imdb.com/title/tt0061578/
Cool Hand Luke,1967,8.1,"['Paul Newman', ' George Kennedy', ' Strother Martin', ' JD Cannon']",127,https://www.imdb.com/title/tt0061512/
Le samouraï,1967,8.1,"['Alain Delon', ' François Périer', ' Nathalie Delon', ' Cathy Rosier']",105,https://www.imdb.com/title/tt0062229/
Leeuw in de winter,1968,7.9,"['Peter OToole', ' Katharine Hepburn', ' Anthony Hopkins', ' John Castle']",134,https://www.imdb.com/title/tt0063227/
The Odd Couple,1968,7.7,"['Jack Lemmon', ' Walter Matthau', ' John Fiedler', ' Herb Edelman']",105,https://www.imdb.com/title/tt0063374/
Yabu no naka no kuroneko,1968,7.7,"['Kichiemon Nakamura', ' Nobuko Otowa', ' Kei Satô', ' Rokkô Toura']",99,https://www.imdb.com/title/tt0122136/
Targets,1968,7.4,"['Tim OKelly', ' Boris Karloff', ' Arthur Peterson', ' Monte Landis']",90,https://www.imdb.com/title/tt0063671/
Night of the Living Dead,1968,7.9,"['Duane Jones', ' Judith ODea', ' Karl Hardman', ' Marilyn Eastman']",96,https://www.imdb.com/title/tt0063350/
Easy Rider,1969,7.3,"['Peter Fonda', ' Dennis Hopper', ' Jack Nicholson', ' Antonio Mendoza']",95,https://www.imdb.com/title/tt0064276/
The Italian Job,1969,7.3,"['Michael Caine', ' Noël Coward', ' Benny Hill', ' Raf Vallone']",99,https://www.imdb.com/title/tt0064505/
Pak de poen en smeer 'm,1969,7.3,"['Woody Allen', ' Janet Margolin', ' Marcel Hillaire', ' Jacquelyn Hyde']",85,https://www.imdb.com/title/tt0065063/
The Passion of Anna,1969,7.7,"['Liv Ullmann', ' Bibi Andersson', ' Max von Sydow', ' Erland Josephson']",101,https://www.imdb.com/title/tt0064793/
The Wild Bunch,1969,7.9,"['William Holden', ' Ernest Borgnine', ' Robert Ryan', ' Edmond OBrien']",145,https://www.imdb.com/title/tt0065214/
El Topo,1970,7.4,"['Alejandro Jodorowsky', ' Brontis Jodorowsky', ' José Legarreta', ' Alfonso Arau']",125,https://www.imdb.com/title/tt0067866/
Beloe solntse pustyni,1970,7.8,"['Anatoliy Kuznetsov', ' Pavel Luspekayev', ' Spartak Mishulin', ' Kakhi Kavsadze']",84,https://www.imdb.com/title/tt0066565/
Little Big Man,1970,7.6,"['Dustin Hoffman', ' Faye Dunaway', ' Chief Dan George', ' Martin Balsam']",139,https://www.imdb.com/title/tt0065988/
Kelly's Heroes,1970,7.6,"['Clint Eastwood', ' Telly Savalas', ' Don Rickles', ' Carroll OConnor']",144,https://www.imdb.com/title/tt0065938/
Patton,1970,7.9,"['George C Scott', ' Karl Malden', ' Stephen Young', ' Michael Strong']",172,https://www.imdb.com/title/tt0066206/
Get Carter,1971,7.4,"['Michael Caine', ' Ian Hendry', ' Britt Ekland', ' John Osborne']",112,https://www.imdb.com/title/tt0067128/
The Tragedy of Macbeth,1971,7.4,"['Jon Finch', ' Francesca Annis', ' Martin Shaw', ' Terence Bayler']",140,https://www.imdb.com/title/tt0067372/
Straw Dogs,1971,7.5,"['Dustin Hoffman', ' Susan George', ' Peter Vaughan', ' TP McKenna']",113,https://www.imdb.com/title/tt0067800/
A New Leaf,1971,7.4,"['Walter Matthau', ' Elaine May', ' Jack Weston', ' George Rose']",102,https://www.imdb.com/title/tt0067482/
Harold and Maude,1971,7.9,"['Ruth Gordon', ' Bud Cort', ' Vivian Pickles', ' Cyril Cusack']",91,https://www.imdb.com/title/tt0067185/
The Way of the Dragon,1972,7.3,"['Bruce Lee', ' Chuck Norris', ' Nora Miao', ' PingOu Wei']",99,https://www.imdb.com/title/tt0068935/
"What's Up, Doc?",1972,7.7,"['Barbra Streisand', ' Ryan ONeal', ' Madeline Kahn', ' Kenneth Mars']",94,https://www.imdb.com/title/tt0069495/
Deliverance,1972,7.7,"['Jon Voight', ' Burt Reynolds', ' Ned Beatty', ' Ronny Cox']",109,https://www.imdb.com/title/tt0068473/
Die bitteren Tränen der Petra von Kant,1972,7.7,"['Margit Carstensen', ' Hanna Schygulla', ' Katrin Schaake', ' Eva Mattes']",124,https://www.imdb.com/title/tt0068278/
"L'amour, l'après-midi",1972,7.7,"['Bernard Verley', ' Zouzou', ' Françoise Verley', ' Daniel Ceccaldi']",97,https://www.imdb.com/title/tt0068205/
O Lucky Man!,1973,7.7,"['Malcolm McDowell', ' Ralph Richardson', ' Rachel Roberts', ' Arthur Lowe']",178,https://www.imdb.com/title/tt0070464/
Scarecrow,1973,7.3,"['Gene Hackman', ' Al Pacino', ' Dorothy Tristan', ' Ann Wedgeworth']",112,https://www.imdb.com/title/tt0070643/
Pat Garrett & Billy the Kid,1973,7.3,"['James Coburn', ' Kris Kristofferson', ' Richard Jaeckel', ' Katy Jurado']",122,https://www.imdb.com/title/tt0070518/
Jesus Christ Superstar,1973,7.4,"['Ted Neeley', ' Carl Anderson', ' Yvonne Elliman', ' Barry Dennen']",106,https://www.imdb.com/title/tt0070239/
Emperor of the North Pole,1973,7.3,"['Lee Marvin', ' Ernest Borgnine', ' Keith Carradine', ' Charles Tyner']",118,https://www.imdb.com/title/tt0070030/
"Watch Out, We're Mad",1974,7.4,"['Terence Hill', ' Bud Spencer', ' Patty Shepard', ' Deogratias Huerta']",102,https://www.imdb.com/title/tt0069697/
Lacombe Lucien,1974,7.7,"['Pierre Blaise', ' Aurore Clément', ' Holger Löwenadler', ' Therese Giehse']",138,https://www.imdb.com/title/tt0071733/
Alice Doesn't Live Here Anymore,1974,7.3,"['Ellen Burstyn', ' Kris Kristofferson', ' Mia Bendixsen', ' Alfred Lutter III']",112,https://www.imdb.com/title/tt0071115/
The Front Page,1974,7.3,"['Jack Lemmon', ' Walter Matthau', ' Susan Sarandon', ' Vincent Gardenia']",105,https://www.imdb.com/title/tt0071524/
Murder on the Orient Express,1974,7.3,"['Albert Finney', ' Lauren Bacall', ' Ingrid Bergman', ' Sean Connery']",128,https://www.imdb.com/title/tt0071877/
"Jeanne Dielman, 23, quai du commerce, 1080 Bruxelles",1975,7.8,"['Delphine Seyrig', ' Jan Decorte', ' Henri Storck', ' Jacques DoniolValcroze']",202,https://www.imdb.com/title/tt0073198/
Fantozzi,1975,7.9,"['Paolo Villaggio', ' Anna Mazzamauro', ' Gigi Reder', ' Giuseppe Anatrelli']",108,https://www.imdb.com/title/tt0071486/
The Man Who Would Be King,1975,7.8,"['Sean Connery', ' Michael Caine', ' Christopher Plummer', ' Saeed Jaffrey']",129,https://www.imdb.com/title/tt0073341/
Zeven schoonheden,1975,7.8,"['Giancarlo Giannini', ' Fernando Rey', ' Shirley Stoler', ' Elena Fiore']",116,https://www.imdb.com/title/tt0075040/
Nashville,1975,7.7,"['Keith Carradine', ' Karen Black', ' Ronee Blakley', ' Shelley Duvall']",160,https://www.imdb.com/title/tt0073440/
Carrie,1976,7.4,"['Sissy Spacek', ' Piper Laurie', ' Amy Irving', ' John Travolta']",98,https://www.imdb.com/title/tt0074285/
Assault on Precinct 13,1976,7.4,"['Austin Stoker', ' Darwin Joston', ' Laurie Zimmer', ' Martin West']",91,https://www.imdb.com/title/tt0074156/
Le jouet,1976,7.5,"['Pierre Richard', ' Michel Bouquet', ' Fabrice Greco', ' Jacques François']",95,https://www.imdb.com/title/tt0074720/
The Omen,1976,7.5,"['Gregory Peck', ' Lee Remick', ' Harvey Stephens', ' David Warner']",111,https://www.imdb.com/title/tt0075005/
Network,1976,8.1,"['Faye Dunaway', ' William Holden', ' Peter Finch', ' Robert Duvall']",121,https://www.imdb.com/title/tt0074958/
Stroszek,1977,7.8,"['Bruno S', ' Eva Mattes', ' Clemens Scheitz', ' Wilhelm von Homburg']",115,https://www.imdb.com/title/tt0075276/
Sakar Sakir,1977,8.1,"['Kemal Sunal', ' Adile Nasit', ' Ali Sen', ' Ünal Gürel']",81,https://www.imdb.com/title/tt0253621/
Una giornata particolare,1977,8.1,"['Sophia Loren', ' Marcello Mastroianni', ' John Vernon', ' Françoise Berd']",106,https://www.imdb.com/title/tt0076085/
Gülen Gözler,1977,8.5,"['Münir Özkul', ' Adile Nasit', ' Halit Akçatepe', ' Müjde Ar']",97,https://www.imdb.com/title/tt0289967/
3 Women,1977,7.8,"['Shelley Duvall', ' Sissy Spacek', ' Janice Rule', ' Robert Fortier']",124,https://www.imdb.com/title/tt0075612/
Midnight Express,1978,7.6,"['Brad Davis', ' Irene Miracle', ' Bo Hopkins', ' Paolo Bonacelli']",121,https://www.imdb.com/title/tt0077928/
Halloween,1978,7.7,"['Donald Pleasence', ' Jamie Lee Curtis', ' Tony Moran', ' Nancy Kyes']",91,https://www.imdb.com/title/tt0077651/
Straight Time,1978,7.4,"['Dustin Hoffman', ' Theresa Russell', ' Gary Busey', ' Harry Dean Stanton']",114,https://www.imdb.com/title/tt0078326/
The Silent Partner,1978,7.4,"['Elliott Gould', ' Christopher Plummer', ' Susannah York', ' Céline Lomez']",106,https://www.imdb.com/title/tt0078269/
Neseli Günler,1978,8.7,"['Münir Özkul', ' Adile Nasit', ' Sener Sen', ' Aysen Gruda']",92,https://www.imdb.com/title/tt0765833/
The Wanderers,1979,7.4,"['Ken Wahl', ' Karen Allen', ' John Friedrich', ' Toni Kalem']",112,https://www.imdb.com/title/tt0080117/
Fukushû suru wa ware ni ari,1979,7.8,"['Ken Ogata', ' Rentarô Mikuni', ' Chôchô Miyako', ' Mitsuko Baishô']",140,https://www.imdb.com/title/tt0079182/
Die Blechtrommel,1979,7.5,"['David Bennent', ' Mario Adorf', ' Angela Winkler', ' Katharina Thalbach']",142,https://www.imdb.com/title/tt0078875/
A Little Romance,1979,7.5,"['Laurence Olivier', ' Diane Lane', ' Thelonious Bernard', ' Arthur Hill']",110,https://www.imdb.com/title/tt0079477/
Nosferatu: Phantom der Nacht,1979,7.5,"['Klaus Kinski', ' Isabelle Adjani', ' Bruno Ganz', ' Roland Topor']",107,https://www.imdb.com/title/tt0079641/
Raging Bull,1980,8.2,"['Robert De Niro', ' Cathy Moriarty', ' Joe Pesci', ' Frank Vincent']",129,https://www.imdb.com/title/tt0081398/
Ko to tamo peva,1980,8.8,"['Pavle Vuisic', ' Dragan Nikolic', ' Danilo Bata Stojkovic', ' Aleksandar Bercek']",86,https://www.imdb.com/title/tt0076276/
Kagemusha,1980,8.0,"['Tatsuya Nakadai', ' Tsutomu Yamazaki', ' Kenichi Hagiwara', ' Jinpachi Nezu']",180,https://www.imdb.com/title/tt0080979/
Pixote: A Lei do Mais Fraco,1980,8.0,"['Fernando Ramos da Silva', ' Jorge Julião', ' Gilberto Moura', ' Edilson Lino']",128,https://www.imdb.com/title/tt0082912/
The Long Good Friday,1980,7.6,"['Bob Hoskins', ' Helen Mirren', ' Paul Freeman', ' Leo Dolan']",114,https://www.imdb.com/title/tt0081070/
Gallipoli,1981,7.4,"['Mel Gibson', ' Mark Lee', ' Bill Kerr', ' Harold Hopkins']",110,https://www.imdb.com/title/tt0082432/
My Dinner with Andre,1981,7.8,"['Andre Gregory', ' Wallace Shawn', ' Jean Lenauer', ' Roy Butler']",110,https://www.imdb.com/title/tt0082783/
Excalibur,1981,7.4,"['Nigel Terry', ' Helen Mirren', ' Nicholas Clay', ' Cherie Lunghi']",140,https://www.imdb.com/title/tt0082348/
Blow Out,1981,7.4,"['John Travolta', ' Nancy Allen', ' John Lithgow', ' Dennis Franz']",108,https://www.imdb.com/title/tt0082085/
Body Heat,1981,7.4,"['William Hurt', ' Kathleen Turner', ' Richard Crenna', ' Ted Danson']",113,https://www.imdb.com/title/tt0082089/
The Thing,1982,8.1,"['Kurt Russell', ' Wilford Brimley', ' Keith David', ' Richard Masur']",109,https://www.imdb.com/title/tt0084787/
Fitzcarraldo,1982,8.1,"['Klaus Kinski', ' Claudia Cardinale', ' José Lewgoy', ' Miguel Ángel Fuentes']",158,https://www.imdb.com/title/tt0083946/
Çiçek Abbas,1982,8.1,"['Ilyas Salman', ' Sener Sen', ' Aysen Gruda', ' Pembe Mutlu']",87,https://www.imdb.com/title/tt0263208/
Fanny och Alexander,1982,8.1,"['Bertil Guve', ' Pernilla Allwin', ' Kristina Adolphson', ' Börje Ahlstedt']",188,https://www.imdb.com/title/tt0083922/
My Favorite Year,1982,7.4,"['Peter OToole', ' Mark LinnBaker', ' Jessica Harper', ' Joseph Bologna']",92,https://www.imdb.com/title/tt0084370/
Hadashi no Gen,1983,8.0,"['Issei Miyazaki', ' Catherine Battistone', ' Yoshie Shimamura', ' Iona Morris']",83,https://www.imdb.com/title/tt0085218/
Nostalgia,1983,8.1,"['Oleg Yankovskiy', ' Erland Josephson', ' Domiziana Giordano', ' Patrizia Terreno']",125,https://www.imdb.com/title/tt0086022/
E la nave va,1983,7.6,"['Freddie Jones', ' Barbara Jefford', ' Victor Poletti', ' Peter Cellier']",132,https://www.imdb.com/title/tt0087188/
A Christmas Story,1983,7.9,"['Peter Billingsley', ' Melinda Dillon', ' Darren McGavin', ' Scott Schwartz']",93,https://www.imdb.com/title/tt0085334/
El Norte,1983,7.7,"['Zaide Silvia Gutiérrez', ' David Villalpando', ' Ernesto Gómez Cruz', ' Alicia del Lago']",141,https://www.imdb.com/title/tt0085482/
Stranger Than Paradise,1984,7.5,"['John Lurie', ' Eszter Balint', ' Richard Edson', ' Cecillia Stark']",89,https://www.imdb.com/title/tt0088184/
Ronja Rövardotter,1984,7.3,"['Hanna Zetterberg', ' Dan Håfström', ' Börje Ahlstedt', ' Lena Nyman']",126,https://www.imdb.com/title/tt0088015/
The Natural,1984,7.5,"['Robert Redford', ' Robert Duvall', ' Glenn Close', ' Kim Basinger']",138,https://www.imdb.com/title/tt0087781/
A Passage to India,1984,7.3,"['Judy Davis', ' Victor Banerjee', ' Peggy Ashcroft', ' James Fox']",164,https://www.imdb.com/title/tt0087892/
Het uur van de waarheid,1984,7.3,"['Ralph Macchio', ' Pat Morita', ' Elisabeth Shue', ' Martin Kove']",126,https://www.imdb.com/title/tt0087538/
The Return of the Living Dead,1985,7.3,"['Clu Gulager', ' James Karen', ' Don Calfa', ' Thom Mathews']",91,https://www.imdb.com/title/tt0089907/
Terug naar de toekomst,1985,8.5,"['Michael J Fox', ' Christopher Lloyd', ' Lea Thompson', ' Crispin Glover']",116,https://www.imdb.com/title/tt0088763/
The Breakfast Club,1985,7.8,"['Emilio Estevez', ' Judd Nelson', ' Molly Ringwald', ' Ally Sheedy']",97,https://www.imdb.com/title/tt0088847/
The Color Purple,1985,7.8,"['Danny Glover', ' Whoopi Goldberg', ' Oprah Winfrey', ' Margaret Avery']",154,https://www.imdb.com/title/tt0088939/
The Goonies,1985,7.8,"['Sean Astin', ' Josh Brolin', ' Jeff Cohen', ' Corey Feldman']",114,https://www.imdb.com/title/tt0089218/
Aliens,1986,8.3,"['Sigourney Weaver', ' Michael Biehn', ' Carrie Henn', ' Paul Reiser']",137,https://www.imdb.com/title/tt0090605/
37°2 le matin,1986,7.4,"['JeanHugues Anglade', ' Béatrice Dalle', ' Gérard Darmon', ' Consuelo De Haviland']",185,https://www.imdb.com/title/tt0090563/
Labyrinth,1986,7.4,"['David Bowie', ' Jennifer Connelly', ' Toby Froud', ' Shelley Thompson']",101,https://www.imdb.com/title/tt0091369/
The Mission,1986,7.4,"['Robert De Niro', ' Jeremy Irons', ' Ray McAnally', ' Aidan Quinn']",125,https://www.imdb.com/title/tt0091530/
Big Trouble in Little China,1986,7.3,"['Kurt Russell', ' Kim Cattrall', ' Dennis Dun', ' James Hong']",99,https://www.imdb.com/title/tt0090728/
Maurice,1987,7.7,"['James Wilby', ' Rupert Graves', ' Hugh Grant', ' Denholm Elliott']",140,https://www.imdb.com/title/tt0093512/
The Last Emperor,1987,7.7,"['John Lone', ' Joan Chen', ' Peter OToole', ' Ruocheng Ying']",163,https://www.imdb.com/title/tt0093389/
Ôritsu uchûgun Oneamisu no tsubasa,1987,7.3,"['Leo Morimoto', ' David Thomas', ' Mitsuki Yayoi', ' Heidi Lenhart']",121,https://www.imdb.com/title/tt0093207/
Khane-ye doust kodjast?,1987,8.1,"['Babek Ahmed Poor', ' Ahmed Ahmed Poor', ' Khodabakhsh Defaei', ' Iran Outari']",83,https://www.imdb.com/title/tt0093342/
The Princess Bride,1987,8.1,"['Cary Elwes', ' Mandy Patinkin', ' Robin Wright', ' Chris Sarandon']",98,https://www.imdb.com/title/tt0093779/
Qayamat Se Qayamat Tak,1988,7.5,"['Aamir Khan', ' Juhi Chawla', ' Goga Kapoor', ' Dalip Tahil']",162,https://www.imdb.com/title/tt0095936/
Midnight Run,1988,7.5,"['Robert De Niro', ' Charles Grodin', ' Yaphet Kotto', ' John Ashton']",126,https://www.imdb.com/title/tt0095631/
The Last Temptation of Christ,1988,7.5,"['Willem Dafoe', ' Harvey Keitel', ' Barbara Hershey', ' Paul Greco']",164,https://www.imdb.com/title/tt0095497/
A Fish Called Wanda,1988,7.5,"['John Cleese', ' Jamie Lee Curtis', ' Kevin Kline', ' Michael Palin']",108,https://www.imdb.com/title/tt0095159/
Beetle Juice,1988,7.5,"['Alec Baldwin', ' Geena Davis', ' Michael Keaton', ' Annie McEnroe']",92,https://www.imdb.com/title/tt0094721/
Steel Magnolias,1989,7.3,"['Shirley MacLaine', ' Olympia Dukakis', ' Sally Field', ' Julia Roberts']",117,https://www.imdb.com/title/tt0098384/
Do the Right Thing,1989,8.0,"['Danny Aiello', ' Ossie Davis', ' Ruby Dee', ' Richard Edson']",120,https://www.imdb.com/title/tt0097216/
National Lampoon's Christmas Vacation,1989,7.6,"['Chevy Chase', ' Beverly DAngelo', ' Juliette Lewis', ' Johnny Galecki']",97,https://www.imdb.com/title/tt0097958/
Der siebente Kontinent,1989,7.7,"['Birgit Doll', ' Dieter Berner', ' Leni Tanzer', ' Udo Samel']",104,https://www.imdb.com/title/tt0098327/
Lean on Me,1989,7.4,"['Morgan Freeman', ' Beverly Todd', ' Robert Guillaume', ' Alan North']",108,https://www.imdb.com/title/tt0097722/
Nikita,1990,7.3,"['Anne Parillaud', ' Marc Duret', ' Patrick Fontana', ' Alain Lathière']",117,https://www.imdb.com/title/tt0100263/
Miller's Crossing,1990,7.7,"['Gabriel Byrne', ' Albert Finney', ' John Turturro', ' Marcia Gay Harden']",115,https://www.imdb.com/title/tt0100150/
Le mari de la coiffeuse,1990,7.3,"['Jean Rochefort', ' Anna Galiena', ' Roland Bertin', ' Maurice Chevit']",82,https://www.imdb.com/title/tt0100112/
"Back to the future, deel 3",1990,7.4,"['Michael J Fox', ' Christopher Lloyd', ' Mary Steenburgen', ' Thomas F Wilson']",118,https://www.imdb.com/title/tt0099088/
Ju Dou,1990,7.7,"['Gong Li', ' Wei Li', ' Baotian Li', ' Zhang Yi']",95,https://www.imdb.com/title/tt0099902/
Toto le héros,1991,7.6,"['Michel Bouquet', ' Mireille Perrier', ' Jo De Backer', ' Thomas Godet']",91,https://www.imdb.com/title/tt0103105/
Omohide poro poro,1991,7.6,"['Miki Imai', ' Toshirô Yanagiba', ' Yoko Honna', ' Mayumi Izuka']",118,https://www.imdb.com/title/tt0102587/
Pappa ante Portas,1991,7.9,"['Evelyn Hamann', ' Vicco von Bülow', ' Irm Hermann', ' HansPeter Korff']",89,https://www.imdb.com/title/tt0102629/
Europa,1991,7.6,"['Barbara Sukowa', ' JeanMarc Barr', ' Udo Kier', ' ErnstHugo Järegård']",112,https://www.imdb.com/title/tt0101829/
Mediterraneo,1991,7.5,"['Diego Abatantuono', ' Claudio Bigagli', ' Giuseppe Cederna', ' Claudio Bisio']",96,https://www.imdb.com/title/tt0102426/
Passion Fish,1992,7.4,"['Mary McDonnell', ' Alfre Woodard', ' Angela Bassett', ' Lenore Banks']",135,https://www.imdb.com/title/tt0105107/
Un coeur en hiver,1992,7.6,"['Daniel Auteuil', ' Emmanuelle Béart', ' André Dussollier', ' Elizabeth Bourgine']",105,https://www.imdb.com/title/tt0105682/
Qiu Ju da guan si,1992,7.6,"['Gong Li', ' Peiqi Liu', ' Liuchun Yang', ' Kesheng Lei']",100,https://www.imdb.com/title/tt0105197/
My Cousin Vinny,1992,7.6,"['Joe Pesci', ' Marisa Tomei', ' Ralph Macchio', ' Mitchell Whitfield']",120,https://www.imdb.com/title/tt0104952/
Bram Stoker's Dracula,1992,7.4,"['Gary Oldman', ' Winona Ryder', ' Anthony Hopkins', ' Keanu Reeves']",128,https://www.imdb.com/title/tt0103874/
Bound by Honor,1993,8.0,"['Damian Chapa', ' Jesse Borrego', ' Benjamin Bratt', ' Enrique Castillo']",180,https://www.imdb.com/title/tt0106469/
Sonatine,1993,7.5,"['Takeshi Kitano', ' Aya Kokumai', ' Tetsu Watanabe', ' Masanobu Katsumura']",94,https://www.imdb.com/title/tt0108188/
Siu nin Wong Fei Hung chi: Tit ma lau,1993,7.5,"['Rongguang Yu', ' Donnie Yen', ' Jean Wang', ' SzeMan Tsang']",90,https://www.imdb.com/title/tt0108148/
Rudy,1993,7.5,"['Sean Astin', ' Jon Favreau', ' Ned Beatty', ' Greta Lind']",114,https://www.imdb.com/title/tt0108002/
A Perfect World,1993,7.5,"['Kevin Costner', ' Clint Eastwood', ' Laura Dern', ' TJ Lowther']",138,https://www.imdb.com/title/tt0107808/
Fresh,1994,7.6,"['Sean Nelson', ' Giancarlo Esposito', ' Samuel L Jackson', ' NBushe Wright']",114,https://www.imdb.com/title/tt0109842/
Léon,1994,8.5,"['Jean Reno', ' Gary Oldman', ' Natalie Portman', ' Danny Aiello']",110,https://www.imdb.com/title/tt0110413/
Pulp Fiction,1994,8.9,"['John Travolta', ' Uma Thurman', ' Samuel L Jackson', ' Bruce Willis']",154,https://www.imdb.com/title/tt0110912/
The Sum of Us,1994,7.3,"['Jack Thompson', ' Russell Crowe', ' John Polson', ' Deborah Kennedy']",100,https://www.imdb.com/title/tt0111309/
The Shawshank Redemption,1994,9.3,"['Tim Robbins', ' Morgan Freeman', ' Bob Gunton', ' William Sadler']",142,https://www.imdb.com/title/tt0111161/
The Usual Suspects,1995,8.5,"['Kevin Spacey', ' Gabriel Byrne', ' Chazz Palminteri', ' Stephen Baldwin']",106,https://www.imdb.com/title/tt0114814/
Dragon Ball Z: Fukkatsu no Fusion!! Gokuu to Vegeta,1995,7.7,"['Masako Nozawa', ' Ryô Horikawa', ' Takeshi Kusao', ' Daisuke Gôri']",51,https://www.imdb.com/title/tt0142236/
Dragon Ball Z - Doragon bôru zetto: Ryûken bakuhatsu!! Gokû ga yaraneba dare ga yaru,1995,7.5,"['Masako Nozawa', ' Takeshi Kusao', ' Mayumi Tanaka', ' Hiromi Tsuru']",52,https://www.imdb.com/title/tt0142243/
To vlemma tou Odyssea,1995,7.6,"['Harvey Keitel', ' Maia Morgenstern', ' Erland Josephson', ' Thanasis Vengos']",176,https://www.imdb.com/title/tt0114863/
Land and Freedom,1995,7.6,"['Ian Hart', ' Rosana Pastor', ' Icíar Bollaín', ' Tom Gilroy']",109,https://www.imdb.com/title/tt0114671/
Hamlet,1996,7.7,"['Kenneth Branagh', ' Julie Christie', ' Derek Jacobi', ' Kate Winslet']",242,https://www.imdb.com/title/tt0116477/
Lepa sela lepo gore,1996,8.7,"['Dragan Bjelogrlic', ' Nikola Kojo', ' Dragan Maksimovic', ' Zoran Cvijanovic']",115,https://www.imdb.com/title/tt0116860/
Kauas pilvet karkaavat,1996,7.7,"['Kati Outinen', ' Kari Väänänen', ' Elina Salo', ' Sakari Kuosmanen']",97,https://www.imdb.com/title/tt0116752/
The Rock,1996,7.4,"['Sean Connery', ' Nicolas Cage', ' Ed Harris', ' John Spencer']",136,https://www.imdb.com/title/tt0117500/
Primal Fear,1996,7.7,"['Richard Gere', ' Laura Linney', ' Edward Norton', ' John Mahoney']",129,https://www.imdb.com/title/tt0117381/
The Devil's Advocate,1997,7.5,"['Keanu Reeves', ' Al Pacino', ' Charlize Theron', ' Jeffrey Jones']",144,https://www.imdb.com/title/tt0118971/
Contact,1997,7.5,"['Jodie Foster', ' Matthew McConaughey', ' Tom Skerritt', ' John Hurt']",150,https://www.imdb.com/title/tt0118884/
Jackie Brown,1997,7.5,"['Pam Grier', ' Samuel L Jackson', ' Robert Forster', ' Bridget Fonda']",154,https://www.imdb.com/title/tt0119396/
Lawn Dogs,1997,7.5,"['Sam Rockwell', ' Kathleen Quinlan', ' Mischa Barton', ' Christopher McDonald']",101,https://www.imdb.com/title/tt0119506/
Iruvar,1997,8.5,"['Mohanlal', ' Prakash Raj', ' Aishwarya Rai Bachchan', ' Gautami']",140,https://www.imdb.com/title/tt0119385/
Mulan,1998,7.6,"['MingNa Wen', ' Eddie Murphy', ' BD Wong', ' Miguel Ferrer']",88,https://www.imdb.com/title/tt0120762/
Fear and Loathing in Las Vegas,1998,7.6,"['Johnny Depp', ' Benicio Del Toro', ' Tobey Maguire', ' Michael Lee Gogin']",118,https://www.imdb.com/title/tt0120669/
The Red Violin,1998,7.6,"['Carlo Cecchi', ' JeanLuc Bideau', ' Christoph Koncz', ' Jason Flemyng']",130,https://www.imdb.com/title/tt0120802/
Dark City,1998,7.6,"['Rufus Sewell', ' Kiefer Sutherland', ' Jennifer Connelly', ' William Hurt']",100,https://www.imdb.com/title/tt0118929/
Dil Se..,1998,7.6,"['Shah Rukh Khan', ' Manisha Koirala', ' Preity Zinta', ' Raghuvir Yadav']",144,https://www.imdb.com/title/tt0164538/
The Green Mile,1999,8.6,"['Tom Hanks', ' Michael Clarke Duncan', ' David Morse', ' Bonnie Hunt']",189,https://www.imdb.com/title/tt0120689/
Rosetta,1999,7.5,"['Émilie Dequenne', ' Fabrizio Rongione', ' Anne Yernaux', ' Olivier Gourmet']",95,https://www.imdb.com/title/tt0200071/
La lengua de las mariposas,1999,7.6,"['Manuel Lozano', ' Fernando Fernán Gómez', ' Uxía Blanco', ' Gonzalo Uriarte']",96,https://www.imdb.com/title/tt0188030/
The Hurricane,1999,7.6,"['Denzel Washington', ' Vicellous Shannon', ' Deborah Kara Unger', ' Liev Schreiber']",146,https://www.imdb.com/title/tt0174856/
In China They Eat Dogs,1999,7.4,"['Kim Bodnia', ' Dejan Cukic', ' Nikolaj Lie Kaas', ' Tomas Villum Jensen']",91,https://www.imdb.com/title/tt0180748/
Erin Brockovich,2000,7.4,"['Julia Roberts', ' Albert Finney', ' David Brisbin', ' Dawn Didawick']",131,https://www.imdb.com/title/tt0195685/
Quills,2000,7.3,"['Geoffrey Rush', ' Kate Winslet', ' Joaquin Phoenix', ' Michael Caine']",124,https://www.imdb.com/title/tt0180073/
Frequency,2000,7.3,"['Dennis Quaid', ' Jim Caviezel', ' Shawn Doyle', ' Elizabeth Mitchell']",118,https://www.imdb.com/title/tt0186151/
Dinner Rush,2000,7.3,"['Danny Aiello', ' Edoardo Ballerini', ' John Rothman', ' Frank Bongiorno']",99,https://www.imdb.com/title/tt0229340/
Sexy Beast,2000,7.3,"['Ray Winstone', ' Ben Kingsley', ' Ian McShane', ' Amanda Redman']",89,https://www.imdb.com/title/tt0203119/
Baran,2001,7.8,"['Hossein Abedini', ' Zahra Bahrami', ' Mohammad Amir Naji', ' Hossein Mahjoub']",94,https://www.imdb.com/title/tt0233841/
Waking Life,2001,7.8,"['Ethan Hawke', ' Trevor Jack Brooks', ' Lorelei Linklater', ' Wiley Wiggins']",99,https://www.imdb.com/title/tt0243017/
Samsara,2001,7.7,"['Shawn Ku', ' Christy Chung', ' Neelesha Barthel', ' Lhakpa Tsering']",145,https://www.imdb.com/title/tt0196069/
Sennen joyû,2001,7.9,"['Miyoko Shôji', ' Shôzô Îzuka', ' Mami Koyama', ' Fumiko Orikasa']",87,https://www.imdb.com/title/tt0291350/
Atanarjuat,2001,7.5,"['Natar Ungalaaq', ' Sylvia Ivalu', ' PeterHenry Arnatsiaq', ' Lucy Tulugarjuk']",172,https://www.imdb.com/title/tt0285441/
Gangs of New York,2002,7.5,"['Leonardo DiCaprio', ' Cameron Diaz', ' Daniel DayLewis', ' Jim Broadbent']",167,https://www.imdb.com/title/tt0217505/
The Pianist,2002,8.5,"['Adrien Brody', ' Thomas Kretschmann', ' Frank Finlay', ' Emilia Fox']",150,https://www.imdb.com/title/tt0253474/
Mrtav 'ladan,2002,8.4,"['Nikola Djuricko', ' Sonja Kolacaric', ' Tara Manic', ' Srdjan Zika Todorovic']",90,https://www.imdb.com/title/tt0301634/
L'auberge espagnole,2002,7.3,"['Romain Duris', ' Judith Godrèche', ' Kelly Reilly', ' Audrey Tautou']",122,https://www.imdb.com/title/tt0283900/
Dirty Pretty Things,2002,7.3,"['Chiwetel Ejiofor', ' Audrey Tautou', ' Sophie Okonedo', ' Kriss Dosanjh']",97,https://www.imdb.com/title/tt0301199/
Salmer fra kjøkkenet,2003,7.3,"['Tomas Norström', ' Joachim Calmeyer', ' Bjørn Floberg', ' Reine Brynolfsson']",95,https://www.imdb.com/title/tt0323872/
X-Men 2,2003,7.4,"['Patrick Stewart', ' Hugh Jackman', ' Halle Berry', ' Ian McKellen']",134,https://www.imdb.com/title/tt0290334/
Lisbela e o Prisioneiro,2003,7.6,"['André Mattos', ' Aramis Trindade', ' Bruno Garcia', ' Carlos Casagrande']",106,https://www.imdb.com/title/tt0367975/
O Homem Que Copiava,2003,7.6,"['Lázaro Ramos', ' Leandra Leal', ' Luana Piovani', ' Pedro Cardoso']",123,https://www.imdb.com/title/tt0367859/
Big Fish,2003,8.0,"['Ewan McGregor', ' Albert Finney', ' Billy Crudup', ' Jessica Lange']",125,https://www.imdb.com/title/tt0319061/
Taegukgi hwinalrimyeo,2004,8.0,"['Jang DongGun', ' Won Bin', ' Eunju Lee', ' Hyeongjin Kong']",140,https://www.imdb.com/title/tt0386064/
Kill Bill: Vol. 2,2004,8.0,"['Uma Thurman', ' David Carradine', ' Michael Madsen', ' Daryl Hannah']",137,https://www.imdb.com/title/tt0378194/
Walk on Water,2004,7.3,"['Lior Ashkenazi', ' Knut Berger', ' Caroline Peters', ' Gideon Shemer']",103,https://www.imdb.com/title/tt0352994/
Ghilli,2004,8.0,"['Joseph Vijay', ' Trisha Krishnan', ' Prakash Raj', ' Ashish Vidyarthi']",160,https://www.imdb.com/title/tt0422320/
Mar adentro,2004,8.0,"['Javier Bardem', ' Belén Rueda', ' Lola Dueñas', ' Mabel Rivera']",126,https://www.imdb.com/title/tt0369702/
"The Prize Winner of Defiance, Ohio",2005,7.3,"['Julianne Moore', ' Woody Harrelson', ' Laura Dern', ' Trevor Morgan']",99,https://www.imdb.com/title/tt0406158/
Coach Carter,2005,7.3,"['Samuel L Jackson', ' Rick Gonzalez', ' Robert Richard', ' Rob Brown']",136,https://www.imdb.com/title/tt0393162/
Hustle & Flow,2005,7.3,"['Terrence Howard', ' Ludacris', ' Anthony Anderson', ' Taryn Manning']",116,https://www.imdb.com/title/tt0410097/
North Country,2005,7.3,"['Charlize Theron', ' Jeremy Renner', ' Frances McDormand', ' Thomas Curtis']",126,https://www.imdb.com/title/tt0395972/
C.R.A.Z.Y.,2005,7.9,"['Michel Côté', ' MarcAndré Grondin', ' Danielle Proulx', ' Émile Vallée']",129,https://www.imdb.com/title/tt0401085/
Apocalypto,2006,7.8,"['Gerardo Taracena', ' Raoul Max Trujillo', ' Dalia Hernández', ' Rudy Youngblood']",139,https://www.imdb.com/title/tt0472043/
Children of Men,2006,7.9,"['Julianne Moore', ' Clive Owen', ' Chiwetel Ejiofor', ' Michael Caine']",109,https://www.imdb.com/title/tt0206634/
Little Miss Sunshine,2006,7.8,"['Steve Carell', ' Toni Collette', ' Greg Kinnear', ' Abigail Breslin']",101,https://www.imdb.com/title/tt0449059/
San xia hao ren,2006,7.3,"['Tao Zhao', ' Zhou Lan', ' Sanming Han', ' Lizhen Ma']",111,https://www.imdb.com/title/tt0859765/
Biyeolhan geori,2006,7.3,"['InSung Jo', ' Hojin Chun', ' Min Namkoong', ' Lee Boyoung']",140,https://www.imdb.com/title/tt0821442/
Freedom Writers,2007,7.6,"['Hilary Swank', ' Imelda Staunton', ' Patrick Dempsey', ' Scott Glenn']",123,https://www.imdb.com/title/tt0463998/
Grindhouse,2007,7.5,"['Kurt Russell', ' Rose McGowan', ' Danny Trejo', ' Zoë Bell']",191,https://www.imdb.com/title/tt0462322/
Happy Days,2007,7.9,"['Varun Sandesh', ' Tamannaah Bhatia', ' Raahul', ' Sonia']",153,https://www.imdb.com/title/tt1214961/
Control,2007,7.7,"['Sam Riley', ' Samantha Morton', ' Craig Parkinson', ' Alexandra Maria Lara']",122,https://www.imdb.com/title/tt0421082/
La Vie En Rose,2007,7.6,"['Marion Cotillard', ' Sylvie Testud', ' Pascal Greggory', ' Emmanuelle Seigner']",140,https://www.imdb.com/title/tt0450188/
Keith,2008,7.4,"['Elisabeth Harnois', ' Jesse McCartney', ' Margo Harshman', ' Ignacio Serricchio']",95,https://www.imdb.com/title/tt0435679/
Red Cliff,2008,7.4,"['Tony ChiuWai Leung', ' Takeshi Kaneshiro', ' Fengyi Zhang', ' Chang Chen']",288,https://www.imdb.com/title/tt0425637/
Üç Maymun,2008,7.3,"['Yavuz Bingöl', ' Hatice Aslan', ' Ahmet Rifat Sungar', ' Ercan Kesal']",109,https://www.imdb.com/title/tt1233381/
Dasavatharam,2008,7.3,"['Kamal Haasan', ' Asin Thottumkal', ' Jaya Prada', ' Mallika Sherawat']",188,https://www.imdb.com/title/tt0479651/
Der Baader Meinhof Komplex,2008,7.4,"['Martina Gedeck', ' Moritz Bleibtreu', ' Johanna Wokalek', ' Bruno Ganz']",150,https://www.imdb.com/title/tt0765432/
Trailer Park Boys: Countdown to Liquor Day,2009,7.4,"['Robb Wells', ' John Paul Tremblay', ' Mike Smith', ' John Dunsworth']",102,https://www.imdb.com/title/tt1337032/
Einayim Petukhoth,2009,7.3,"['Zohar Strauss', ' Ran Danker', ' Tinkerbell', ' Tzahi Grad']",91,https://www.imdb.com/title/tt1424327/
Watchmen,2009,7.6,"['Jackie Earle Haley', ' Patrick Wilson', ' Carla Gugino', ' Malin Akerman']",162,https://www.imdb.com/title/tt0409459/
Harry Potter en de halfbloed prins,2009,7.6,"['Daniel Radcliffe', ' Emma Watson', ' Rupert Grint', ' Michael Gambon']",153,https://www.imdb.com/title/tt0417741/
13B: Fear Has a New Address,2009,7.3,"['Madhavan', ' Nitu Chandra', ' Poonam Dhillon', ' Saranya Ponvannan']",138,https://www.imdb.com/title/tt1385824/
Despicable Me,2010,7.6,"['Steve Carell', ' Jason Segel', ' Russell Brand', ' Julie Andrews']",95,https://www.imdb.com/title/tt1323594/
Phas Gaye Re Obama,2010,7.5,"['Rajat Kapoor', ' Neha Dhupia', ' Sanjay Mishra', ' Manu Rishi Chadha']",108,https://www.imdb.com/title/tt1773015/
Kick-Ass,2010,7.6,"['Aaron TaylorJohnson', ' Nicolas Cage', ' Chloë Grace Moretz', ' Garrett M Brown']",117,https://www.imdb.com/title/tt1250777/
Yongseoneun eupda,2010,7.5,"['Sol Kyunggu', ' Ryoo Seungbum', ' Hyejin Han', ' Jiru Sung']",123,https://www.imdb.com/title/tt1662557/
O chyom govoryat muzhchiny,2010,7.5,"['Leonid Barats', ' Aleksandr Demidov', ' Kamil Larin', ' Rostislav Khait']",93,https://www.imdb.com/title/tt1595366/
Jin ling shi san chai,2011,7.6,"['Christian Bale', ' Ni Ni', ' Xinyi Zhang', ' Tianyuan Huang']",146,https://www.imdb.com/title/tt1410063/
United,2011,7.4,"['Dean Andrews', ' Kate Ashfield', ' Natalie Burt', ' David Calder']",94,https://www.imdb.com/title/tt1777034/
50/50,2011,7.6,"['Joseph GordonLevitt', ' Seth Rogen', ' Anna Kendrick', ' Bryce Dallas Howard']",100,https://www.imdb.com/title/tt1306980/
Tyrannosaur,2011,7.6,"['Peter Mullan', ' Archie Lal', ' Jag Sanghera', ' Mike Fearnley']",92,https://www.imdb.com/title/tt1204340/
Moneyball,2011,7.6,"['Brad Pitt', ' Robin Wright', ' Jonah Hill', ' Philip Seymour Hoffman']",133,https://www.imdb.com/title/tt1210166/
Wreck-It Ralph,2012,7.7,"['John C Reilly', ' Jack McBrayer', ' Jane Lynch', ' Sarah Silverman']",101,https://www.imdb.com/title/tt1772341/
Le prénom,2012,7.3,"['Patrick Bruel', ' Valérie Benguigui', ' Charles Berling', ' Guillaume de Tonquédec']",109,https://www.imdb.com/title/tt2179121/
Frances Ha,2012,7.5,"['Greta Gerwig', ' Mickey Sumner', ' Adam Driver', ' Michael Zegen']",86,https://www.imdb.com/title/tt2347569/
El cuerpo,2012,7.6,"['Jose Coronado', ' Hugo Silva', ' Belén Rueda', ' Aura Garrido']",112,https://www.imdb.com/title/tt1937149/
Treto poluvreme,2012,7.7,"['Katarina Ivanovska', ' Sasko Kocev', ' Richard Sammel', ' Rade Serbedzija']",113,https://www.imdb.com/title/tt2069100/
Frozen,2013,7.4,"['Kristen Bell', ' Idina Menzel', ' Jonathan Groff', ' Josh Gad']",102,https://www.imdb.com/title/tt2294629/
7-beon-bang-ui seon-mul,2013,8.2,"['Seungryong Ryu', ' So Won Kal', ' Dalsu Oh', ' Mansik Jeong']",127,https://www.imdb.com/title/tt2659414/
The Lunchbox,2013,7.8,"['Irrfan Khan', ' Nimrat Kaur', ' Nawazuddin Siddiqui', ' Lillete Dubey']",104,https://www.imdb.com/title/tt2350496/
Pozitia copilului,2013,7.4,"['Luminita Gheorghiu', ' Bogdan Dumitrache', ' Natasa Raab', ' Ilinca Goia']",112,https://www.imdb.com/title/tt2187115/
Bhaag Milkha Bhaag,2013,8.2,"['Farhan Akhtar', ' Sonam Kapoor', ' Pawan Malhotra', ' Art Malik']",186,https://www.imdb.com/title/tt2356180/
Chef,2014,7.3,"['Jon Favreau', ' Robert Downey Jr', ' Scarlett Johansson', ' Dustin Hoffman']",114,https://www.imdb.com/title/tt2883512/
The Blue Elephant,2014,8.1,"['Karim Abdel Aziz', ' Khaled ElSawi', ' Nelly Karim', ' Muhammad Mamdooh']",170,https://www.imdb.com/title/tt3461252/
Song of the Sea,2014,8.1,"['David Rawle', ' Brendan Gleeson', ' Lisa Hannigan', ' Fionnula Flanagan']",93,https://www.imdb.com/title/tt1865505/
Pek Yakinda,2014,7.4,"['Cem Yilmaz', ' Tülin Özen', ' Zafer Algöz', ' Özkan Ugur']",134,https://www.imdb.com/title/tt3698408/
The Hundred-Foot Journey,2014,7.3,"['Helen Mirren', ' Om Puri', ' Manish Dayal', ' Charlotte Le Bon']",122,https://www.imdb.com/title/tt2980648/
Sicario,2015,7.6,"['Emily Blunt', ' Josh Brolin', ' Benicio Del Toro', ' Jon Bernthal']",121,https://www.imdb.com/title/tt3397884/
"Liza, a rókatündér",2015,7.6,"['Mónika Balsai', ' Szabolcs Bede Fazekas', ' David Sakurai', ' Zoltán Schmied']",98,https://www.imdb.com/title/tt2210769/
Mucize,2015,7.6,"['Mahsun Kirmizigül', ' Senay Gürler', ' Talat Bulut', ' Mert Turak']",136,https://www.imdb.com/title/tt3138782/
Binnenstebuiten,2015,8.1,"['Amy Poehler', ' Bill Hader', ' Lewis Black', ' Mindy Kaling']",95,https://www.imdb.com/title/tt2096673/
The Man from U.N.C.L.E.,2015,7.3,"['Henry Cavill', ' Armie Hammer', ' Alicia Vikander', ' Elizabeth Debicki']",116,https://www.imdb.com/title/tt1638355/
M.S. Dhoni: The Untold Story,2016,7.9,"['Sushant Singh Rajput', ' Kiara Advani', ' Anupam Kher', ' Disha Patani']",184,https://www.imdb.com/title/tt4169250/
Arrival,2016,7.9,"['Amy Adams', ' Jeremy Renner', ' Forest Whitaker', ' Michael Stuhlbarg']",116,https://www.imdb.com/title/tt2543164/
Perfetti sconosciuti,2016,7.8,"['Giuseppe Battiston', ' Anna Foglietta', ' Marco Giallini', ' Edoardo Leo']",96,https://www.imdb.com/title/tt4901306/
Airlift,2016,8.0,"['Akshay Kumar', ' Nimrat Kaur', ' Kumud Mishra', ' Prakash Belawadi']",130,https://www.imdb.com/title/tt4387040/
Zootropolis,2016,8.0,"['Ginnifer Goodwin', ' Jason Bateman', ' Idris Elba', ' Jenny Slate']",108,https://www.imdb.com/title/tt2948356/
Chalard games goeng,2017,7.6,"['Chutimon Chuengcharoensukying', ' Eisaya Hosuwan', ' Teeradon Supapunpinyo', ' Chanon Santinatornkul']",130,https://www.imdb.com/title/tt6788942/
Taeksi woonjunsa,2017,7.9,"['Kangho Song', ' Thomas Kretschmann', ' HaeJin Yoo', ' Ryu JunYeol']",137,https://www.imdb.com/title/tt6878038/
Nelyubov,2017,7.6,"['Maryana Spivak', ' Aleksey Rozin', ' Matvey Novikov', ' Marina Vasileva']",127,https://www.imdb.com/title/tt6304162/
Call Me by Your Name,2017,7.9,"['Armie Hammer', ' Timothée Chalamet', ' Michael Stuhlbarg', ' Amira Casar']",132,https://www.imdb.com/title/tt5726616/
The Florida Project,2017,7.6,"['Brooklynn Prince', ' Bria Vinaite', ' Willem Dafoe', ' Christopher Rivera']",111,https://www.imdb.com/title/tt5649144/
96,2018,8.6,"['Vijay Sethupathi', ' Adithya Bhaskar', ' Trisha Krishnan', ' Gouri Kishan']",158,https://www.imdb.com/title/tt7019842/
Ratsasan,2018,8.4,"['Vishnu Vishal', ' Amala Paul', ' Radha Ravi', ' Sangili Murugan']",170,https://www.imdb.com/title/tt7060344/
Rangasthalam,2018,8.4,"['Ram Charan', ' Samantha Ruth Prabhu', ' Aadhi', ' Jagapathi Babu']",170,https://www.imdb.com/title/tt7392212/
Avengers: Infinity War,2018,8.4,"['Robert Downey Jr', ' Chris Hemsworth', ' Mark Ruffalo', ' Chris Evans']",149,https://www.imdb.com/title/tt4154756/
Capharnaüm,2018,8.4,"['Zain Al Rafeea', ' Yordanos Shiferaw', ' Boluwatife Treasure Bankole', ' Kawsar Al Haddad']",126,https://www.imdb.com/title/tt8267604/
How to Train Your Dragon: The Hidden World,2019,7.5,"['Jay Baruchel', ' America Ferrera', ' F Murray Abraham', ' Cate Blanchett']",104,https://www.imdb.com/title/tt2386490/
Avengers: Endgame,2019,8.4,"['Robert Downey Jr', ' Chris Evans', ' Mark Ruffalo', ' Chris Hemsworth']",181,https://www.imdb.com/title/tt4154796/
Richard Jewell,2019,7.5,"['Paul Walter Hauser', ' Sam Rockwell', ' Brandon Stanley', ' Ryan Boz']",131,https://www.imdb.com/title/tt3513548/
The Gentlemen,2019,7.8,"['Matthew McConaughey', ' Charlie Hunnam', ' Michelle Dockery', ' Jeremy Strong']",113,https://www.imdb.com/title/tt8367814/
Badla,2019,7.8,"['Amitabh Bachchan', ' Taapsee Pannu', ' Amrita Singh', ' Antonio Aakeel']",118,https://www.imdb.com/title/tt8130968/
